energies,photon,gluon,higgs,W,Z,neutrino,electron,muon,tau,up,down,charm,strange,top,bottom,graviton
5e-07,2912550000000000.0,0.0,0.0,0.0,0.0,5.7374e+18,0.0,0.0,0.0,0.0,0.0,0.0,0.0,0.0,0.0,2214200000.0
5.07315e-07,3038970000000000.0,0.0,0.0,0.0,0.0,5.90061e+18,0.0,0.0,0.0,0.0,0.0,0.0,0.0,0.0,0.0,2382140000.0
5.14736e-07,3170880000000000.0,0.0,0.0,0.0,0.0,6.06847e+18,0.0,0.0,0.0,0.0,0.0,0.0,0.0,0.0,0.0,2562810000.0
5.22266e-07,3308510000000000.0,0.0,0.0,0.0,0.0,6.2411e+18,0.0,0.0,0.0,0.0,0.0,0.0,0.0,0.0,0.0,2757190000.0
5.29907e-07,3452120000000000.0,0.0,0.0,0.0,0.0,6.41864e+18,0.0,0.0,0.0,0.0,0.0,0.0,0.0,0.0,0.0,2966320000.0
5.37659e-07,3601960000000000.0,0.0,0.0,0.0,0.0,6.60123e+18,0.0,0.0,0.0,0.0,0.0,0.0,0.0,0.0,0.0,3191300000.0
5.45524e-07,3758310000000000.0,0.0,0.0,0.0,0.0,6.78902e+18,0.0,0.0,0.0,0.0,0.0,0.0,0.0,0.0,0.0,3433350000.0
5.53505e-07,3921440000000000.0,0.0,0.0,0.0,0.0,6.98215e+18,0.0,0.0,0.0,0.0,0.0,0.0,0.0,0.0,0.0,3693760000.0
5.61602e-07,4091650000000000.0,0.0,0.0,0.0,0.0,7.18077e+18,0.0,0.0,0.0,0.0,0.0,0.0,0.0,0.0,0.0,3973920000.0
5.69818e-07,4269250000000000.0,0.0,0.0,0.0,0.0,7.38504e+18,0.0,0.0,0.0,0.0,0.0,0.0,0.0,0.0,0.0,4275320000.0
5.78154e-07,4454560000000000.0,0.0,0.0,0.0,0.0,7.59512e+18,0.0,0.0,0.0,0.0,0.0,0.0,0.0,0.0,0.0,4599590000.0
5.86612e-07,4647920000000000.0,0.0,0.0,0.0,0.0,7.81118e+18,0.0,0.0,0.0,0.0,0.0,0.0,0.0,0.0,0.0,4948460000.0
5.95193e-07,4849660000000000.0,0.0,0.0,0.0,0.0,8.03339e+18,0.0,0.0,0.0,0.0,0.0,0.0,0.0,0.0,0.0,5323780000.0
6.03901e-07,5060170000000000.0,0.0,0.0,0.0,0.0,8.26192e+18,0.0,0.0,0.0,0.0,0.0,0.0,0.0,0.0,0.0,5727570000.0
6.12735e-07,5279810000000000.0,0.0,0.0,0.0,0.0,8.49695e+18,0.0,0.0,0.0,0.0,0.0,0.0,0.0,0.0,0.0,6161990000.0
6.21699e-07,5508980000000000.0,0.0,0.0,0.0,0.0,8.73866e+18,0.0,0.0,0.0,0.0,0.0,0.0,0.0,0.0,0.0,6629350000.0
6.30794e-07,5748100000000000.0,0.0,0.0,0.0,0.0,8.98725e+18,0.0,0.0,0.0,0.0,0.0,0.0,0.0,0.0,0.0,7132160000.0
6.40022e-07,5997600000000000.0,0.0,0.0,0.0,0.0,9.24291e+18,0.0,0.0,0.0,0.0,0.0,0.0,0.0,0.0,0.0,7673110000.0
6.49385e-07,6257930000000000.0,0.0,0.0,0.0,0.0,9.50585e+18,0.0,0.0,0.0,0.0,0.0,0.0,0.0,0.0,0.0,8255090000.0
6.58885e-07,6529560000000000.0,0.0,0.0,0.0,0.0,9.77626e+18,0.0,0.0,0.0,0.0,0.0,0.0,0.0,0.0,0.0,8881210000.0
6.68524e-07,6812980000000000.0,0.0,0.0,0.0,0.0,1.00544e+19,0.0,0.0,0.0,0.0,0.0,0.0,0.0,0.0,0.0,9554820000.0
6.78304e-07,7108700000000000.0,0.0,0.0,0.0,0.0,1.03404e+19,0.0,0.0,0.0,0.0,0.0,0.0,0.0,0.0,0.0,10279500000.0
6.88227e-07,7417260000000000.0,0.0,0.0,0.0,0.0,1.06345e+19,0.0,0.0,0.0,0.0,0.0,0.0,0.0,0.0,0.0,11059200000.0
6.98295e-07,7739210000000000.0,0.0,0.0,0.0,0.0,1.09371e+19,0.0,0.0,0.0,0.0,0.0,0.0,0.0,0.0,0.0,11898000000.0
7.0851e-07,8075130000000000.0,0.0,0.0,0.0,0.0,1.12482e+19,0.0,0.0,0.0,0.0,0.0,0.0,0.0,0.0,0.0,12800400000.0
7.18875e-07,8425640000000000.0,0.0,0.0,0.0,0.0,1.15682e+19,0.0,0.0,0.0,0.0,0.0,0.0,0.0,0.0,0.0,13771300000.0
7.29392e-07,8791360000000000.0,0.0,0.0,0.0,0.0,1.18973e+19,0.0,0.0,0.0,0.0,0.0,0.0,0.0,0.0,0.0,14815800000.0
7.40062e-07,9172960000000000.0,0.0,0.0,0.0,0.0,1.22357e+19,0.0,0.0,0.0,0.0,0.0,0.0,0.0,0.0,0.0,15939500000.0
7.50888e-07,9571110000000000.0,0.0,0.0,0.0,0.0,1.25838e+19,0.0,0.0,0.0,0.0,0.0,0.0,0.0,0.0,0.0,17148500000.0
7.61873e-07,9986560000000000.0,0.0,0.0,0.0,0.0,1.29417e+19,0.0,0.0,0.0,0.0,0.0,0.0,0.0,0.0,0.0,18449100000.0
7.73019e-07,1.042e+16,0.0,0.0,0.0,0.0,1.33099e+19,0.0,0.0,0.0,0.0,0.0,0.0,0.0,0.0,0.0,19848400000.0
7.84328e-07,1.08723e+16,0.0,0.0,0.0,0.0,1.36885e+19,0.0,0.0,0.0,0.0,0.0,0.0,0.0,0.0,0.0,21353800000.0
7.95802e-07,1.13442e+16,0.0,0.0,0.0,0.0,1.40779e+19,0.0,0.0,0.0,0.0,0.0,0.0,0.0,0.0,0.0,22973500000.0
8.07443e-07,1.18366e+16,0.0,0.0,0.0,0.0,1.44784e+19,0.0,0.0,0.0,0.0,0.0,0.0,0.0,0.0,0.0,24715900000.0
8.19256e-07,1.23504e+16,0.0,0.0,0.0,0.0,1.48903e+19,0.0,0.0,0.0,0.0,0.0,0.0,0.0,0.0,0.0,26590500000.0
8.31241e-07,1.28865e+16,0.0,0.0,0.0,0.0,1.53139e+19,0.0,0.0,0.0,0.0,0.0,0.0,0.0,0.0,0.0,28607300000.0
8.43401e-07,1.34458e+16,0.0,0.0,0.0,0.0,1.57495e+19,0.0,0.0,0.0,0.0,0.0,0.0,0.0,0.0,0.0,30777100000.0
8.55739e-07,1.40295e+16,0.0,0.0,0.0,0.0,1.61975e+19,0.0,0.0,0.0,0.0,0.0,0.0,0.0,0.0,0.0,33111400000.0
8.68258e-07,1.46384e+16,0.0,0.0,0.0,0.0,1.66583e+19,0.0,0.0,0.0,0.0,0.0,0.0,0.0,0.0,0.0,35622800000.0
8.8096e-07,1.52738e+16,0.0,0.0,0.0,0.0,1.71322e+19,0.0,0.0,0.0,0.0,0.0,0.0,0.0,0.0,0.0,38324700000.0
8.93848e-07,1.59368e+16,0.0,0.0,0.0,0.0,1.76195e+19,0.0,0.0,0.0,0.0,0.0,0.0,0.0,0.0,0.0,41231500000.0
9.06924e-07,1.66285e+16,0.0,0.0,0.0,0.0,1.81208e+19,0.0,0.0,0.0,0.0,0.0,0.0,0.0,0.0,0.0,44358700000.0
9.20191e-07,1.73503e+16,0.0,0.0,0.0,0.0,1.86363e+19,0.0,0.0,0.0,0.0,0.0,0.0,0.0,0.0,0.0,47723200000.0
9.33653e-07,1.81034e+16,0.0,0.0,0.0,0.0,1.91664e+19,0.0,0.0,0.0,0.0,0.0,0.0,0.0,0.0,0.0,51342800000.0
9.47312e-07,1.88892e+16,0.0,0.0,0.0,0.0,1.97116e+19,0.0,0.0,0.0,0.0,0.0,0.0,0.0,0.0,0.0,55237000000.0
9.6117e-07,1.97091e+16,0.0,0.0,0.0,0.0,2.02724e+19,0.0,0.0,0.0,0.0,0.0,0.0,0.0,0.0,0.0,59426500000.0
9.75231e-07,2.05646e+16,0.0,0.0,0.0,0.0,2.08491e+19,0.0,0.0,0.0,0.0,0.0,0.0,0.0,0.0,0.0,63933800000.0
9.89498e-07,2.14572e+16,0.0,0.0,0.0,0.0,2.14422e+19,0.0,0.0,0.0,0.0,0.0,0.0,0.0,0.0,0.0,68783000000.0
1.00397e-06,2.23886e+16,0.0,0.0,0.0,0.0,2.20521e+19,0.0,0.0,0.0,0.0,0.0,0.0,0.0,0.0,0.0,74000000000.0
1.01866e-06,2.33604e+16,0.0,0.0,0.0,0.0,2.26795e+19,0.0,0.0,0.0,0.0,0.0,0.0,0.0,0.0,0.0,79612600000.0
1.03356e-06,2.43743e+16,0.0,0.0,0.0,0.0,2.33246e+19,0.0,0.0,0.0,0.0,0.0,0.0,0.0,0.0,0.0,85650900000.0
1.04868e-06,2.54323e+16,0.0,0.0,0.0,0.0,2.39881e+19,0.0,0.0,0.0,0.0,0.0,0.0,0.0,0.0,0.0,92147300000.0
1.06402e-06,2.65362e+16,0.0,0.0,0.0,0.0,2.46705e+19,0.0,0.0,0.0,0.0,0.0,0.0,0.0,0.0,0.0,99136300000.0
1.07959e-06,2.7688e+16,0.0,0.0,0.0,0.0,2.53723e+19,0.0,0.0,0.0,0.0,0.0,0.0,0.0,0.0,0.0,106655000000.0
1.09538e-06,2.88899e+16,0.0,0.0,0.0,0.0,2.60941e+19,0.0,0.0,0.0,0.0,0.0,0.0,0.0,0.0,0.0,114745000000.0
1.11141e-06,3.01438e+16,0.0,0.0,0.0,0.0,2.68364e+19,0.0,0.0,0.0,0.0,0.0,0.0,0.0,0.0,0.0,123448000000.0
1.12767e-06,3.14523e+16,0.0,0.0,0.0,0.0,2.75998e+19,0.0,0.0,0.0,0.0,0.0,0.0,0.0,0.0,0.0,132811000000.0
1.14416e-06,3.28175e+16,0.0,0.0,0.0,0.0,2.8385e+19,0.0,0.0,0.0,0.0,0.0,0.0,0.0,0.0,0.0,142884000000.0
1.1609e-06,3.42419e+16,0.0,0.0,0.0,0.0,2.91924e+19,0.0,0.0,0.0,0.0,0.0,0.0,0.0,0.0,0.0,153722000000.0
1.17789e-06,3.57282e+16,0.0,0.0,0.0,0.0,3.00229e+19,0.0,0.0,0.0,0.0,0.0,0.0,0.0,0.0,0.0,165381000000.0
1.19512e-06,3.7279e+16,0.0,0.0,0.0,0.0,3.0877e+19,0.0,0.0,0.0,0.0,0.0,0.0,0.0,0.0,0.0,177924000000.0
1.2126e-06,3.88971e+16,0.0,0.0,0.0,0.0,3.17553e+19,0.0,0.0,0.0,0.0,0.0,0.0,0.0,0.0,0.0,191419000000.0
1.23034e-06,4.05855e+16,0.0,0.0,0.0,0.0,3.26587e+19,0.0,0.0,0.0,0.0,0.0,0.0,0.0,0.0,0.0,205938000000.0
1.24834e-06,4.23471e+16,0.0,0.0,0.0,0.0,3.35877e+19,0.0,0.0,0.0,0.0,0.0,0.0,0.0,0.0,0.0,221557000000.0
1.2666e-06,4.41852e+16,0.0,0.0,0.0,0.0,3.45432e+19,0.0,0.0,0.0,0.0,0.0,0.0,0.0,0.0,0.0,238362000000.0
1.28513e-06,4.61031e+16,0.0,0.0,0.0,0.0,3.55258e+19,0.0,0.0,0.0,0.0,0.0,0.0,0.0,0.0,0.0,256441000000.0
1.30393e-06,4.81043e+16,0.0,0.0,0.0,0.0,3.65365e+19,0.0,0.0,0.0,0.0,0.0,0.0,0.0,0.0,0.0,275891000000.0
1.32301e-06,5.01923e+16,0.0,0.0,0.0,0.0,3.75758e+19,0.0,0.0,0.0,0.0,0.0,0.0,0.0,0.0,0.0,296816000000.0
1.34236e-06,4.95187e+16,0.0,0.0,0.0,0.0,3.8246e+19,0.0,0.0,0.0,0.0,0.0,0.0,0.0,0.0,0.0,292207000000.0
1.362e-06,5.21024e+16,0.0,0.0,0.0,0.0,3.9353e+19,0.0,0.0,0.0,0.0,0.0,0.0,0.0,0.0,0.0,311430000000.0
1.38192e-06,5.48405e+16,0.0,0.0,0.0,0.0,4.04951e+19,0.0,0.0,0.0,0.0,0.0,0.0,0.0,0.0,0.0,332794000000.0
1.40214e-06,5.77119e+16,0.0,0.0,0.0,0.0,4.1669e+19,0.0,0.0,0.0,0.0,0.0,0.0,0.0,0.0,0.0,355958000000.0
1.42265e-06,6.07102e+16,0.0,0.0,0.0,0.0,4.28747e+19,0.0,0.0,0.0,0.0,0.0,0.0,0.0,0.0,0.0,381167000000.0
1.44346e-06,6.38771e+16,0.0,0.0,0.0,0.0,4.41195e+19,0.0,0.0,0.0,0.0,0.0,0.0,0.0,0.0,0.0,409249000000.0
1.46458e-06,6.7142e+16,0.0,0.0,0.0,0.0,4.53925e+19,0.0,0.0,0.0,0.0,0.0,0.0,0.0,0.0,0.0,439099000000.0
1.48601e-06,7.06056e+16,0.0,0.0,0.0,0.0,4.6713e+19,0.0,0.0,0.0,0.0,0.0,0.0,0.0,0.0,0.0,473352000000.0
1.50774e-06,7.41391e+16,0.0,0.0,0.0,0.0,4.80571e+19,0.0,0.0,0.0,0.0,0.0,0.0,0.0,0.0,0.0,508813000000.0
1.5298e-06,7.78877e+16,0.0,0.0,0.0,0.0,4.94567e+19,0.0,0.0,0.0,0.0,0.0,0.0,0.0,0.0,0.0,550770000000.0
1.55218e-06,8.16912e+16,0.0,0.0,0.0,0.0,5.08769e+19,0.0,0.0,0.0,0.0,0.0,0.0,0.0,0.0,0.0,593341000000.0
1.57489e-06,8.57034e+16,0.0,0.0,0.0,0.0,5.23596e+19,0.0,0.0,0.0,0.0,0.0,0.0,0.0,0.0,0.0,644619000000.0
1.59793e-06,8.97815e+16,0.0,0.0,0.0,0.0,5.38659e+19,0.0,0.0,0.0,0.0,0.0,0.0,0.0,0.0,0.0,697024000000.0
1.6213e-06,9.40236e+16,0.0,0.0,0.0,0.0,5.54311e+19,0.0,0.0,0.0,0.0,0.0,0.0,0.0,0.0,0.0,758716000000.0
1.64502e-06,9.83532e+16,0.0,0.0,0.0,0.0,5.70281e+19,0.0,0.0,0.0,0.0,0.0,0.0,0.0,0.0,0.0,823380000000.0
1.66909e-06,1.02813e+17,0.0,0.0,0.0,0.0,5.86805e+19,0.0,0.0,0.0,0.0,0.0,0.0,0.0,0.0,0.0,897606000000.0
1.6935e-06,1.07374e+17,0.0,0.0,0.0,0.0,6.0374e+19,0.0,0.0,0.0,0.0,0.0,0.0,0.0,0.0,0.0,977482000000.0
1.71828e-06,1.12042e+17,0.0,0.0,0.0,0.0,6.21182e+19,0.0,0.0,0.0,0.0,0.0,0.0,0.0,0.0,0.0,1066640000000.0
1.74342e-06,1.1682e+17,0.0,0.0,0.0,0.0,6.39134e+19,0.0,0.0,0.0,0.0,0.0,0.0,0.0,0.0,0.0,1165110000000.0
1.76892e-06,1.21696e+17,0.0,0.0,0.0,0.0,6.57545e+19,0.0,0.0,0.0,0.0,0.0,0.0,0.0,0.0,0.0,1271840000000.0
1.7948e-06,1.26695e+17,0.0,0.0,0.0,0.0,6.76585e+19,0.0,0.0,0.0,0.0,0.0,0.0,0.0,0.0,0.0,1392660000000.0
1.82105e-06,1.31788e+17,0.0,0.0,0.0,0.0,6.9602e+19,0.0,0.0,0.0,0.0,0.0,0.0,0.0,0.0,0.0,1519800000000.0
1.8477e-06,1.37034e+17,0.0,0.0,0.0,0.0,7.16201e+19,0.0,0.0,0.0,0.0,0.0,0.0,0.0,0.0,0.0,1666600000000.0
1.87473e-06,1.42365e+17,0.0,0.0,0.0,0.0,7.36711e+19,0.0,0.0,0.0,0.0,0.0,0.0,0.0,0.0,0.0,1816890000000.0
1.90215e-06,1.47915e+17,0.0,0.0,0.0,0.0,7.58102e+19,0.0,0.0,0.0,0.0,0.0,0.0,0.0,0.0,0.0,1992780000000.0
1.92998e-06,1.53546e+17,0.0,0.0,0.0,0.0,7.79807e+19,0.0,0.0,0.0,0.0,0.0,0.0,0.0,0.0,0.0,2171240000000.0
1.95821e-06,1.59467e+17,0.0,0.0,0.0,0.0,8.02423e+19,0.0,0.0,0.0,0.0,0.0,0.0,0.0,0.0,0.0,2375620000000.0
1.98686e-06,1.65497e+17,0.0,0.0,0.0,0.0,8.25434e+19,0.0,0.0,0.0,0.0,0.0,0.0,0.0,0.0,0.0,2585480000000.0
2.01593e-06,1.71869e+17,0.0,0.0,0.0,0.0,8.49301e+19,0.0,0.0,0.0,0.0,0.0,0.0,0.0,0.0,0.0,2817000000000.0
2.04542e-06,1.78419e+17,0.0,0.0,0.0,0.0,8.73689e+19,0.0,0.0,0.0,0.0,0.0,0.0,0.0,0.0,0.0,3058040000000.0
2.07534e-06,1.85351e+17,0.0,0.0,0.0,0.0,8.98874e+19,0.0,0.0,0.0,0.0,0.0,0.0,0.0,0.0,0.0,3315610000000.0
2.1057e-06,1.92574e+17,0.0,0.0,0.0,0.0,9.24719e+19,0.0,0.0,0.0,0.0,0.0,0.0,0.0,0.0,0.0,3585570000000.0
2.1365e-06,2.0019e+17,0.0,0.0,0.0,0.0,9.51296e+19,0.0,0.0,0.0,0.0,0.0,0.0,0.0,0.0,0.0,3867290000000.0
2.16776e-06,2.08266e+17,0.0,0.0,0.0,0.0,9.7869e+19,0.0,0.0,0.0,0.0,0.0,0.0,0.0,0.0,0.0,4162650000000.0
2.19947e-06,2.16702e+17,0.0,0.0,0.0,0.0,1.00673e+20,0.0,0.0,0.0,0.0,0.0,0.0,0.0,0.0,0.0,4466380000000.0
2.23165e-06,2.25824e+17,0.0,0.0,0.0,0.0,1.03575e+20,0.0,0.0,0.0,0.0,0.0,0.0,0.0,0.0,0.0,4783960000000.0
2.2643e-06,2.35226e+17,0.0,0.0,0.0,0.0,1.06532e+20,0.0,0.0,0.0,0.0,0.0,0.0,0.0,0.0,0.0,5108150000000.0
2.29742e-06,2.45596e+17,0.0,0.0,0.0,0.0,1.09608e+20,0.0,0.0,0.0,0.0,0.0,0.0,0.0,0.0,0.0,5448090000000.0
2.33103e-06,2.5612e+17,0.0,0.0,0.0,0.0,1.12728e+20,0.0,0.0,0.0,0.0,0.0,0.0,0.0,0.0,0.0,5793030000000.0
2.36513e-06,2.67926e+17,0.0,0.0,0.0,0.0,1.15986e+20,0.0,0.0,0.0,0.0,0.0,0.0,0.0,0.0,0.0,6160460000000.0
2.39973e-06,2.79904e+17,0.0,0.0,0.0,0.0,1.19291e+20,0.0,0.0,0.0,0.0,0.0,0.0,0.0,0.0,0.0,6533270000000.0
2.43484e-06,2.93112e+17,0.0,0.0,0.0,0.0,1.22728e+20,0.0,0.0,0.0,0.0,0.0,0.0,0.0,0.0,0.0,6935780000000.0
2.47046e-06,3.06698e+17,0.0,0.0,0.0,0.0,1.26229e+20,0.0,0.0,0.0,0.0,0.0,0.0,0.0,0.0,0.0,7348440000000.0
2.5066e-06,3.21381e+17,0.0,0.0,0.0,0.0,1.29853e+20,0.0,0.0,0.0,0.0,0.0,0.0,0.0,0.0,0.0,7799570000000.0
2.54327e-06,3.36664e+17,0.0,0.0,0.0,0.0,1.33562e+20,0.0,0.0,0.0,0.0,0.0,0.0,0.0,0.0,0.0,8271220000000.0
2.58047e-06,3.52846e+17,0.0,0.0,0.0,0.0,1.37385e+20,0.0,0.0,0.0,0.0,0.0,0.0,0.0,0.0,0.0,8788690000000.0
2.61822e-06,3.69818e+17,0.0,0.0,0.0,0.0,1.41313e+20,0.0,0.0,0.0,0.0,0.0,0.0,0.0,0.0,0.0,9345650000000.0
2.65652e-06,3.87467e+17,0.0,0.0,0.0,0.0,1.45345e+20,0.0,0.0,0.0,0.0,0.0,0.0,0.0,0.0,0.0,9951430000000.0
2.69539e-06,4.06019e+17,0.0,0.0,0.0,0.0,1.49507e+20,0.0,0.0,0.0,0.0,0.0,0.0,0.0,0.0,0.0,10627300000000.0
2.73482e-06,4.25047e+17,0.0,0.0,0.0,0.0,1.53759e+20,0.0,0.0,0.0,0.0,0.0,0.0,0.0,0.0,0.0,11347700000000.0
2.77483e-06,4.44972e+17,0.0,0.0,0.0,0.0,1.58164e+20,0.0,0.0,0.0,0.0,0.0,0.0,0.0,0.0,0.0,12182600000000.0
2.81542e-06,4.65246e+17,0.0,0.0,0.0,0.0,1.62648e+20,0.0,0.0,0.0,0.0,0.0,0.0,0.0,0.0,0.0,13047800000000.0
2.85661e-06,4.86326e+17,0.0,0.0,0.0,0.0,1.67314e+20,0.0,0.0,0.0,0.0,0.0,0.0,0.0,0.0,0.0,14087900000000.0
2.8984e-06,5.07714e+17,0.0,0.0,0.0,0.0,1.72048e+20,0.0,0.0,0.0,0.0,0.0,0.0,0.0,0.0,0.0,15143100000000.0
2.9408e-06,5.29784e+17,0.0,0.0,0.0,0.0,1.76982e+20,0.0,0.0,0.0,0.0,0.0,0.0,0.0,0.0,0.0,16424500000000.0
2.98382e-06,5.52196e+17,0.0,0.0,0.0,0.0,1.81995e+20,0.0,0.0,0.0,0.0,0.0,0.0,0.0,0.0,0.0,17735600000000.0
3.02747e-06,5.75277e+17,0.0,0.0,0.0,0.0,1.87198e+20,0.0,0.0,0.0,0.0,0.0,0.0,0.0,0.0,0.0,19270200000000.0
3.07176e-06,5.9878e+17,0.0,0.0,0.0,0.0,1.92507e+20,0.0,0.0,0.0,0.0,0.0,0.0,0.0,0.0,0.0,20878700000000.0
3.1167e-06,6.231e+17,0.0,0.0,0.0,0.0,1.97993e+20,0.0,0.0,0.0,0.0,0.0,0.0,0.0,0.0,0.0,22683800000000.0
3.16229e-06,6.48031e+17,0.0,0.0,0.0,0.0,2.03612e+20,0.0,0.0,0.0,0.0,0.0,0.0,0.0,0.0,0.0,24609600000000.0
3.20855e-06,6.73993e+17,0.0,0.0,0.0,0.0,2.09395e+20,0.0,0.0,0.0,0.0,0.0,0.0,0.0,0.0,0.0,26686300000000.0
3.25549e-06,7.01007e+17,0.0,0.0,0.0,0.0,2.15345e+20,0.0,0.0,0.0,0.0,0.0,0.0,0.0,0.0,0.0,28917700000000.0
3.30312e-06,7.29158e+17,0.0,0.0,0.0,0.0,2.21441e+20,0.0,0.0,0.0,0.0,0.0,0.0,0.0,0.0,0.0,31249200000000.0
3.35144e-06,7.59114e+17,0.0,0.0,0.0,0.0,2.27737e+20,0.0,0.0,0.0,0.0,0.0,0.0,0.0,0.0,0.0,33741600000000.0
3.40047e-06,7.901e+17,0.0,0.0,0.0,0.0,2.34161e+20,0.0,0.0,0.0,0.0,0.0,0.0,0.0,0.0,0.0,36297600000000.0
3.45021e-06,8.23949e+17,0.0,0.0,0.0,0.0,2.40825e+20,0.0,0.0,0.0,0.0,0.0,0.0,0.0,0.0,0.0,39001700000000.0
3.50069e-06,8.5847e+17,0.0,0.0,0.0,0.0,2.47595e+20,0.0,0.0,0.0,0.0,0.0,0.0,0.0,0.0,0.0,41751300000000.0
3.5519e-06,8.97004e+17,0.0,0.0,0.0,0.0,2.54646e+20,0.0,0.0,0.0,0.0,0.0,0.0,0.0,0.0,0.0,44659900000000.0
3.60386e-06,9.36103e+17,0.0,0.0,0.0,0.0,2.618e+20,0.0,0.0,0.0,0.0,0.0,0.0,0.0,0.0,0.0,47611000000000.0
3.65658e-06,9.79344e+17,0.0,0.0,0.0,0.0,2.69239e+20,0.0,0.0,0.0,0.0,0.0,0.0,0.0,0.0,0.0,50786200000000.0
3.71007e-06,1.02363e+18,0.0,0.0,0.0,0.0,2.76807e+20,0.0,0.0,0.0,0.0,0.0,0.0,0.0,0.0,0.0,54028600000000.0
3.76435e-06,1.07131e+18,0.0,0.0,0.0,0.0,2.84644e+20,0.0,0.0,0.0,0.0,0.0,0.0,0.0,0.0,0.0,57603300000000.0
3.81942e-06,1.12064e+18,0.0,0.0,0.0,0.0,2.92649e+20,0.0,0.0,0.0,0.0,0.0,0.0,0.0,0.0,0.0,61327100000000.0
3.87529e-06,1.17238e+18,0.0,0.0,0.0,0.0,3.00905e+20,0.0,0.0,0.0,0.0,0.0,0.0,0.0,0.0,0.0,65490300000000.0
3.93199e-06,1.22603e+18,0.0,0.0,0.0,0.0,3.09375e+20,0.0,0.0,0.0,0.0,0.0,0.0,0.0,0.0,0.0,69975600000000.0
3.98951e-06,1.28124e+18,0.0,0.0,0.0,0.0,3.18073e+20,0.0,0.0,0.0,0.0,0.0,0.0,0.0,0.0,0.0,74946700000000.0
4.04787e-06,1.33821e+18,0.0,0.0,0.0,0.0,3.27029e+20,0.0,0.0,0.0,0.0,0.0,0.0,0.0,0.0,0.0,80513500000000.0
4.10709e-06,1.39632e+18,0.0,0.0,0.0,0.0,3.36191e+20,0.0,0.0,0.0,0.0,0.0,0.0,0.0,0.0,0.0,86516700000000.0
4.16717e-06,1.45601e+18,0.0,0.0,0.0,0.0,3.45664e+20,0.0,0.0,0.0,0.0,0.0,0.0,0.0,0.0,0.0,93455100000000.0
4.22813e-06,1.51676e+18,0.0,0.0,0.0,0.0,3.55314e+20,0.0,0.0,0.0,0.0,0.0,0.0,0.0,0.0,0.0,100686000000000.0
4.28999e-06,1.57959e+18,0.0,0.0,0.0,0.0,3.65332e+20,0.0,0.0,0.0,0.0,0.0,0.0,0.0,0.0,0.0,109147000000000.0
4.35275e-06,1.64333e+18,0.0,0.0,0.0,0.0,3.75496e+20,0.0,0.0,0.0,0.0,0.0,0.0,0.0,0.0,0.0,117732000000000.0
4.41642e-06,1.71105e+18,0.0,0.0,0.0,0.0,3.86085e+20,0.0,0.0,0.0,0.0,0.0,0.0,0.0,0.0,0.0,127620000000000.0
4.48103e-06,1.77978e+18,0.0,0.0,0.0,0.0,3.96831e+20,0.0,0.0,0.0,0.0,0.0,0.0,0.0,0.0,0.0,137657000000000.0
4.54658e-06,1.85425e+18,0.0,0.0,0.0,0.0,4.0798e+20,0.0,0.0,0.0,0.0,0.0,0.0,0.0,0.0,0.0,148545000000000.0
4.6131e-06,1.93068e+18,0.0,0.0,0.0,0.0,4.19338e+20,0.0,0.0,0.0,0.0,0.0,0.0,0.0,0.0,0.0,159723000000000.0
4.68058e-06,2.01376e+18,0.0,0.0,0.0,0.0,4.31075e+20,0.0,0.0,0.0,0.0,0.0,0.0,0.0,0.0,0.0,171447000000000.0
4.74906e-06,2.10051e+18,0.0,0.0,0.0,0.0,4.43078e+20,0.0,0.0,0.0,0.0,0.0,0.0,0.0,0.0,0.0,183511000000000.0
4.81853e-06,2.19335e+18,0.0,0.0,0.0,0.0,4.55433e+20,0.0,0.0,0.0,0.0,0.0,0.0,0.0,0.0,0.0,196157000000000.0
4.88902e-06,2.29162e+18,0.0,0.0,0.0,0.0,4.68116e+20,0.0,0.0,0.0,0.0,0.0,0.0,0.0,0.0,0.0,209327000000000.0
4.96054e-06,2.3943e+18,0.0,0.0,0.0,0.0,4.81119e+20,0.0,0.0,0.0,0.0,0.0,0.0,0.0,0.0,0.0,223320000000000.0
5.03311e-06,2.50308e+18,0.0,0.0,0.0,0.0,4.94518e+20,0.0,0.0,0.0,0.0,0.0,0.0,0.0,0.0,0.0,238489000000000.0
5.10674e-06,2.61456e+18,0.0,0.0,0.0,0.0,5.08201e+20,0.0,0.0,0.0,0.0,0.0,0.0,0.0,0.0,0.0,254582000000000.0
5.18145e-06,2.73114e+18,0.0,0.0,0.0,0.0,5.22355e+20,0.0,0.0,0.0,0.0,0.0,0.0,0.0,0.0,0.0,273096000000000.0
5.25725e-06,2.84964e+18,0.0,0.0,0.0,0.0,5.36753e+20,0.0,0.0,0.0,0.0,0.0,0.0,0.0,0.0,0.0,292258000000000.0
5.33416e-06,2.97188e+18,0.0,0.0,0.0,0.0,5.51705e+20,0.0,0.0,0.0,0.0,0.0,0.0,0.0,0.0,0.0,315352000000000.0
5.41219e-06,3.09592e+18,0.0,0.0,0.0,0.0,5.66876e+20,0.0,0.0,0.0,0.0,0.0,0.0,0.0,0.0,0.0,338784000000000.0
5.49137e-06,3.22468e+18,0.0,0.0,0.0,0.0,5.82643e+20,0.0,0.0,0.0,0.0,0.0,0.0,0.0,0.0,0.0,366623000000000.0
5.5717e-06,3.3555e+18,0.0,0.0,0.0,0.0,5.98663e+20,0.0,0.0,0.0,0.0,0.0,0.0,0.0,0.0,0.0,395111000000000.0
5.65321e-06,3.49453e+18,0.0,0.0,0.0,0.0,6.15248e+20,0.0,0.0,0.0,0.0,0.0,0.0,0.0,0.0,0.0,426670000000000.0
5.73591e-06,3.63725e+18,0.0,0.0,0.0,0.0,6.32164e+20,0.0,0.0,0.0,0.0,0.0,0.0,0.0,0.0,0.0,459385000000000.0
5.81983e-06,3.79098e+18,0.0,0.0,0.0,0.0,6.49606e+20,0.0,0.0,0.0,0.0,0.0,0.0,0.0,0.0,0.0,493820000000000.0
5.90497e-06,3.95194e+18,0.0,0.0,0.0,0.0,6.6746e+20,0.0,0.0,0.0,0.0,0.0,0.0,0.0,0.0,0.0,529452000000000.0
5.99135e-06,4.12332e+18,0.0,0.0,0.0,0.0,6.858e+20,0.0,0.0,0.0,0.0,0.0,0.0,0.0,0.0,0.0,566628000000000.0
6.079e-06,4.30557e+18,0.0,0.0,0.0,0.0,7.0464e+20,0.0,0.0,0.0,0.0,0.0,0.0,0.0,0.0,0.0,605408000000000.0
6.16793e-06,4.49485e+18,0.0,0.0,0.0,0.0,7.2392e+20,0.0,0.0,0.0,0.0,0.0,0.0,0.0,0.0,0.0,646451000000000.0
6.25816e-06,4.69533e+18,0.0,0.0,0.0,0.0,7.438e+20,0.0,0.0,0.0,0.0,0.0,0.0,0.0,0.0,0.0,691368000000000.0
6.34971e-06,4.89987e+18,0.0,0.0,0.0,0.0,7.64067e+20,0.0,0.0,0.0,0.0,0.0,0.0,0.0,0.0,0.0,738690000000000.0
6.4426e-06,5.11222e+18,0.0,0.0,0.0,0.0,7.8504e+20,0.0,0.0,0.0,0.0,0.0,0.0,0.0,0.0,0.0,794088000000000.0
6.53685e-06,5.32785e+18,0.0,0.0,0.0,0.0,8.06341e+20,0.0,0.0,0.0,0.0,0.0,0.0,0.0,0.0,0.0,850770000000000.0
6.63248e-06,5.55053e+18,0.0,0.0,0.0,0.0,8.28463e+20,0.0,0.0,0.0,0.0,0.0,0.0,0.0,0.0,0.0,919081000000000.0
6.72951e-06,5.77647e+18,0.0,0.0,0.0,0.0,8.50907e+20,0.0,0.0,0.0,0.0,0.0,0.0,0.0,0.0,0.0,988391000000000.0
6.82796e-06,6.01648e+18,0.0,0.0,0.0,0.0,8.74176e+20,0.0,0.0,0.0,0.0,0.0,0.0,0.0,0.0,0.0,1066710000000000.0
6.92784e-06,6.26133e+18,0.0,0.0,0.0,0.0,8.97846e+20,0.0,0.0,0.0,0.0,0.0,0.0,0.0,0.0,0.0,1147160000000000.0
7.02919e-06,6.52725e+18,0.0,0.0,0.0,0.0,9.2229e+20,0.0,0.0,0.0,0.0,0.0,0.0,0.0,0.0,0.0,1232310000000000.0
7.13202e-06,6.8032e+18,0.0,0.0,0.0,0.0,9.4724e+20,0.0,0.0,0.0,0.0,0.0,0.0,0.0,0.0,0.0,1319950000000000.0
7.23636e-06,7.0986e+18,0.0,0.0,0.0,0.0,9.72913e+20,0.0,0.0,0.0,0.0,0.0,0.0,0.0,0.0,0.0,1412510000000000.0
7.34222e-06,7.40905e+18,0.0,0.0,0.0,0.0,9.9921e+20,0.0,0.0,0.0,0.0,0.0,0.0,0.0,0.0,0.0,1508940000000000.0
7.44963e-06,7.7308e+18,0.0,0.0,0.0,0.0,1.02617e+21,0.0,0.0,0.0,0.0,0.0,0.0,0.0,0.0,0.0,1613650000000000.0
7.55861e-06,8.06589e+18,0.0,0.0,0.0,0.0,1.05388e+21,0.0,0.0,0.0,0.0,0.0,0.0,0.0,0.0,0.0,1728630000000000.0
7.66919e-06,8.40763e+18,0.0,0.0,0.0,0.0,1.08218e+21,0.0,0.0,0.0,0.0,0.0,0.0,0.0,0.0,0.0,1852300000000000.0
7.78138e-06,8.75868e+18,0.0,0.0,0.0,0.0,1.11138e+21,0.0,0.0,0.0,0.0,0.0,0.0,0.0,0.0,0.0,1994980000000000.0
7.89522e-06,9.11707e+18,0.0,0.0,0.0,0.0,1.1411e+21,0.0,0.0,0.0,0.0,0.0,0.0,0.0,0.0,0.0,2142670000000000.0
8.01072e-06,9.49429e+18,0.0,0.0,0.0,0.0,1.17184e+21,0.0,0.0,0.0,0.0,0.0,0.0,0.0,0.0,0.0,2310520000000000.0
8.12791e-06,9.87703e+18,0.0,0.0,0.0,0.0,1.20304e+21,0.0,0.0,0.0,0.0,0.0,0.0,0.0,0.0,0.0,2480820000000000.0
8.24681e-06,1.0301e+19,0.0,0.0,0.0,0.0,1.2354e+21,0.0,0.0,0.0,0.0,0.0,0.0,0.0,0.0,0.0,2664020000000000.0
8.36746e-06,1.07314e+19,0.0,0.0,0.0,0.0,1.26825e+21,0.0,0.0,0.0,0.0,0.0,0.0,0.0,0.0,0.0,2849990000000000.0
8.48986e-06,1.11996e+19,0.0,0.0,0.0,0.0,1.3022e+21,0.0,0.0,0.0,0.0,0.0,0.0,0.0,0.0,0.0,3051320000000000.0
8.61406e-06,1.16807e+19,0.0,0.0,0.0,0.0,1.33677e+21,0.0,0.0,0.0,0.0,0.0,0.0,0.0,0.0,0.0,3258030000000000.0
8.74008e-06,1.21803e+19,0.0,0.0,0.0,0.0,1.37239e+21,0.0,0.0,0.0,0.0,0.0,0.0,0.0,0.0,0.0,3493810000000000.0
8.86794e-06,1.26924e+19,0.0,0.0,0.0,0.0,1.40877e+21,0.0,0.0,0.0,0.0,0.0,0.0,0.0,0.0,0.0,3744840000000000.0
8.99767e-06,1.32185e+19,0.0,0.0,0.0,0.0,1.44612e+21,0.0,0.0,0.0,0.0,0.0,0.0,0.0,0.0,0.0,4024950000000000.0
9.1293e-06,1.37581e+19,0.0,0.0,0.0,0.0,1.48441e+21,0.0,0.0,0.0,0.0,0.0,0.0,0.0,0.0,0.0,4331000000000000.0
9.26285e-06,1.43218e+19,0.0,0.0,0.0,0.0,1.52357e+21,0.0,0.0,0.0,0.0,0.0,0.0,0.0,0.0,0.0,4652020000000000.0
9.39836e-06,1.49193e+19,0.0,0.0,0.0,0.0,1.56383e+21,0.0,0.0,0.0,0.0,0.0,0.0,0.0,0.0,0.0,4994310000000000.0
9.53585e-06,1.55388e+19,0.0,0.0,0.0,0.0,1.60488e+21,0.0,0.0,0.0,0.0,0.0,0.0,0.0,0.0,0.0,5347040000000000.0
9.67535e-06,1.62101e+19,0.0,0.0,0.0,0.0,1.64721e+21,0.0,0.0,0.0,0.0,0.0,0.0,0.0,0.0,0.0,5722380000000000.0
9.8169e-06,1.68934e+19,0.0,0.0,0.0,0.0,1.69023e+21,0.0,0.0,0.0,0.0,0.0,0.0,0.0,0.0,0.0,6108890000000000.0
9.96051e-06,1.76108e+19,0.0,0.0,0.0,0.0,1.73472e+21,0.0,0.0,0.0,0.0,0.0,0.0,0.0,0.0,0.0,6560110000000000.0
1.01062e-05,1.83386e+19,0.0,0.0,0.0,0.0,1.77986e+21,0.0,0.0,0.0,0.0,0.0,0.0,0.0,0.0,0.0,7017930000000000.0
1.02541e-05,1.90949e+19,0.0,0.0,0.0,0.0,1.82655e+21,0.0,0.0,0.0,0.0,0.0,0.0,0.0,0.0,0.0,7560150000000000.0
1.04041e-05,1.98634e+19,0.0,0.0,0.0,0.0,1.87398e+21,0.0,0.0,0.0,0.0,0.0,0.0,0.0,0.0,0.0,8115460000000000.0
1.05563e-05,2.06938e+19,0.0,0.0,0.0,0.0,1.92287e+21,0.0,0.0,0.0,0.0,0.0,0.0,0.0,0.0,0.0,8712070000000000.0
1.07107e-05,2.155e+19,0.0,0.0,0.0,0.0,1.9727e+21,0.0,0.0,0.0,0.0,0.0,0.0,0.0,0.0,0.0,9326410000000000.0
1.08674e-05,2.24614e+19,0.0,0.0,0.0,0.0,2.02389e+21,0.0,0.0,0.0,0.0,0.0,0.0,0.0,0.0,0.0,9985420000000000.0
1.10264e-05,2.34106e+19,0.0,0.0,0.0,0.0,2.0762e+21,0.0,0.0,0.0,0.0,0.0,0.0,0.0,0.0,0.0,1.06745e+16
1.11877e-05,2.43844e+19,0.0,0.0,0.0,0.0,2.1298e+21,0.0,0.0,0.0,0.0,0.0,0.0,0.0,0.0,0.0,1.14387e+16
1.13514e-05,2.53837e+19,0.0,0.0,0.0,0.0,2.18472e+21,0.0,0.0,0.0,0.0,0.0,0.0,0.0,0.0,0.0,1.22832e+16
1.15174e-05,2.64162e+19,0.0,0.0,0.0,0.0,2.24082e+21,0.0,0.0,0.0,0.0,0.0,0.0,0.0,0.0,0.0,1.31752e+16
1.16859e-05,2.75006e+19,0.0,0.0,0.0,0.0,2.29845e+21,0.0,0.0,0.0,0.0,0.0,0.0,0.0,0.0,0.0,1.415e+16
1.18569e-05,2.86191e+19,0.0,0.0,0.0,0.0,2.35714e+21,0.0,0.0,0.0,0.0,0.0,0.0,0.0,0.0,0.0,1.51512e+16
1.20303e-05,2.9834e+19,0.0,0.0,0.0,0.0,2.4176e+21,0.0,0.0,0.0,0.0,0.0,0.0,0.0,0.0,0.0,1.62202e+16
1.22063e-05,3.10682e+19,0.0,0.0,0.0,0.0,2.47899e+21,0.0,0.0,0.0,0.0,0.0,0.0,0.0,0.0,0.0,1.73117e+16
1.23849e-05,3.23586e+19,0.0,0.0,0.0,0.0,2.5424e+21,0.0,0.0,0.0,0.0,0.0,0.0,0.0,0.0,0.0,1.86009e+16
1.25661e-05,3.3668e+19,0.0,0.0,0.0,0.0,2.60673e+21,0.0,0.0,0.0,0.0,0.0,0.0,0.0,0.0,0.0,1.99089e+16
1.27499e-05,3.50496e+19,0.0,0.0,0.0,0.0,2.67306e+21,0.0,0.0,0.0,0.0,0.0,0.0,0.0,0.0,0.0,2.13973e+16
1.29364e-05,3.64582e+19,0.0,0.0,0.0,0.0,2.7405e+21,0.0,0.0,0.0,0.0,0.0,0.0,0.0,0.0,0.0,2.29283e+16
1.31257e-05,3.79782e+19,0.0,0.0,0.0,0.0,2.80984e+21,0.0,0.0,0.0,0.0,0.0,0.0,0.0,0.0,0.0,2.45582e+16
1.33177e-05,3.95532e+19,0.0,0.0,0.0,0.0,2.88052e+21,0.0,0.0,0.0,0.0,0.0,0.0,0.0,0.0,0.0,2.62396e+16
1.35125e-05,4.11793e+19,0.0,0.0,0.0,0.0,2.95297e+21,0.0,0.0,0.0,0.0,0.0,0.0,0.0,0.0,0.0,2.81172e+16
1.37102e-05,4.28491e+19,0.0,0.0,0.0,0.0,3.02701e+21,0.0,0.0,0.0,0.0,0.0,0.0,0.0,0.0,0.0,3.01449e+16
1.39107e-05,4.45844e+19,0.0,0.0,0.0,0.0,3.10271e+21,0.0,0.0,0.0,0.0,0.0,0.0,0.0,0.0,0.0,3.23074e+16
1.41142e-05,4.63987e+19,0.0,0.0,0.0,0.0,3.18026e+21,0.0,0.0,0.0,0.0,0.0,0.0,0.0,0.0,0.0,3.46392e+16
1.43207e-05,4.82786e+19,0.0,0.0,0.0,0.0,3.25933e+21,0.0,0.0,0.0,0.0,0.0,0.0,0.0,0.0,0.0,3.70632e+16
1.45302e-05,5.02849e+19,0.0,0.0,0.0,0.0,3.3405e+21,0.0,0.0,0.0,0.0,0.0,0.0,0.0,0.0,0.0,3.967e+16
1.47428e-05,5.23275e+19,0.0,0.0,0.0,0.0,3.42304e+21,0.0,0.0,0.0,0.0,0.0,0.0,0.0,0.0,0.0,4.23777e+16
1.49585e-05,5.4445e+19,0.0,0.0,0.0,0.0,3.50799e+21,0.0,0.0,0.0,0.0,0.0,0.0,0.0,0.0,0.0,4.5532e+16
1.51773e-05,5.65935e+19,0.0,0.0,0.0,0.0,3.59418e+21,0.0,0.0,0.0,0.0,0.0,0.0,0.0,0.0,0.0,4.87324e+16
1.53993e-05,5.8939e+19,0.0,0.0,0.0,0.0,3.68302e+21,0.0,0.0,0.0,0.0,0.0,0.0,0.0,0.0,0.0,5.22247e+16
1.56246e-05,6.13216e+19,0.0,0.0,0.0,0.0,3.77318e+21,0.0,0.0,0.0,0.0,0.0,0.0,0.0,0.0,0.0,5.57719e+16
1.58532e-05,6.38224e+19,0.0,0.0,0.0,0.0,3.86588e+21,0.0,0.0,0.0,0.0,0.0,0.0,0.0,0.0,0.0,5.98077e+16
1.60851e-05,6.63764e+19,0.0,0.0,0.0,0.0,3.96018e+21,0.0,0.0,0.0,0.0,0.0,0.0,0.0,0.0,0.0,6.39902e+16
1.63204e-05,6.90608e+19,0.0,0.0,0.0,0.0,4.05687e+21,0.0,0.0,0.0,0.0,0.0,0.0,0.0,0.0,0.0,6.85806e+16
1.65592e-05,7.18278e+19,0.0,0.0,0.0,0.0,4.15544e+21,0.0,0.0,0.0,0.0,0.0,0.0,0.0,0.0,0.0,7.33996e+16
1.68014e-05,7.47284e+19,0.0,0.0,0.0,0.0,4.25624e+21,0.0,0.0,0.0,0.0,0.0,0.0,0.0,0.0,0.0,7.8559e+16
1.70472e-05,7.77534e+19,0.0,0.0,0.0,0.0,4.35922e+21,0.0,0.0,0.0,0.0,0.0,0.0,0.0,0.0,0.0,8.40317e+16
1.72966e-05,8.08662e+19,0.0,0.0,0.0,0.0,4.4643e+21,0.0,0.0,0.0,0.0,0.0,0.0,0.0,0.0,0.0,8.98999e+16
1.75496e-05,8.40952e+19,0.0,0.0,0.0,0.0,4.57188e+21,0.0,0.0,0.0,0.0,0.0,0.0,0.0,0.0,0.0,9.63659e+16
1.78064e-05,8.7425e+19,0.0,0.0,0.0,0.0,4.6814e+21,0.0,0.0,0.0,0.0,0.0,0.0,0.0,0.0,0.0,1.0306e+17
1.80668e-05,9.09819e+19,0.0,0.0,0.0,0.0,4.79374e+21,0.0,0.0,0.0,0.0,0.0,0.0,0.0,0.0,0.0,1.10298e+17
1.83311e-05,9.46008e+19,0.0,0.0,0.0,0.0,4.90784e+21,0.0,0.0,0.0,0.0,0.0,0.0,0.0,0.0,0.0,1.17734e+17
1.85993e-05,9.83848e+19,0.0,0.0,0.0,0.0,5.02509e+21,0.0,0.0,0.0,0.0,0.0,0.0,0.0,0.0,0.0,1.26327e+17
1.88714e-05,1.02224e+20,0.0,0.0,0.0,0.0,5.14406e+21,0.0,0.0,0.0,0.0,0.0,0.0,0.0,0.0,0.0,1.35045e+17
1.91475e-05,1.0637e+20,0.0,0.0,0.0,0.0,5.26625e+21,0.0,0.0,0.0,0.0,0.0,0.0,0.0,0.0,0.0,1.44607e+17
1.94276e-05,1.10595e+20,0.0,0.0,0.0,0.0,5.39033e+21,0.0,0.0,0.0,0.0,0.0,0.0,0.0,0.0,0.0,1.54361e+17
1.97118e-05,1.14999e+20,0.0,0.0,0.0,0.0,5.5175e+21,0.0,0.0,0.0,0.0,0.0,0.0,0.0,0.0,0.0,1.65403e+17
2.00002e-05,1.19501e+20,0.0,0.0,0.0,0.0,5.64689e+21,0.0,0.0,0.0,0.0,0.0,0.0,0.0,0.0,0.0,1.76928e+17
2.02928e-05,1.24253e+20,0.0,0.0,0.0,0.0,5.77918e+21,0.0,0.0,0.0,0.0,0.0,0.0,0.0,0.0,0.0,1.89321e+17
2.05896e-05,1.29182e+20,0.0,0.0,0.0,0.0,5.91399e+21,0.0,0.0,0.0,0.0,0.0,0.0,0.0,0.0,0.0,2.02305e+17
2.08908e-05,1.34284e+20,0.0,0.0,0.0,0.0,6.05155e+21,0.0,0.0,0.0,0.0,0.0,0.0,0.0,0.0,0.0,2.16329e+17
2.11964e-05,1.39571e+20,0.0,0.0,0.0,0.0,6.19196e+21,0.0,0.0,0.0,0.0,0.0,0.0,0.0,0.0,0.0,2.3148e+17
2.15065e-05,1.45028e+20,0.0,0.0,0.0,0.0,6.33493e+21,0.0,0.0,0.0,0.0,0.0,0.0,0.0,0.0,0.0,2.47429e+17
2.18212e-05,1.50754e+20,0.0,0.0,0.0,0.0,6.48104e+21,0.0,0.0,0.0,0.0,0.0,0.0,0.0,0.0,0.0,2.64784e+17
2.21404e-05,1.56622e+20,0.0,0.0,0.0,0.0,6.62956e+21,0.0,0.0,0.0,0.0,0.0,0.0,0.0,0.0,0.0,2.8274e+17
2.24643e-05,1.62835e+20,0.0,0.0,0.0,0.0,6.78145e+21,0.0,0.0,0.0,0.0,0.0,0.0,0.0,0.0,0.0,3.02544e+17
2.27929e-05,1.69147e+20,0.0,0.0,0.0,0.0,6.93561e+21,0.0,0.0,0.0,0.0,0.0,0.0,0.0,0.0,0.0,3.2272e+17
2.31263e-05,1.75794e+20,0.0,0.0,0.0,0.0,7.09342e+21,0.0,0.0,0.0,0.0,0.0,0.0,0.0,0.0,0.0,3.45866e+17
2.34647e-05,1.82538e+20,0.0,0.0,0.0,0.0,7.25355e+21,0.0,0.0,0.0,0.0,0.0,0.0,0.0,0.0,0.0,3.6935e+17
2.38079e-05,1.89742e+20,0.0,0.0,0.0,0.0,7.4171e+21,0.0,0.0,0.0,0.0,0.0,0.0,0.0,0.0,0.0,3.95187e+17
2.41562e-05,1.971e+20,0.0,0.0,0.0,0.0,7.58319e+21,0.0,0.0,0.0,0.0,0.0,0.0,0.0,0.0,0.0,4.21679e+17
2.45096e-05,2.04799e+20,0.0,0.0,0.0,0.0,7.75248e+21,0.0,0.0,0.0,0.0,0.0,0.0,0.0,0.0,0.0,4.51038e+17
2.48682e-05,2.12697e+20,0.0,0.0,0.0,0.0,7.92453e+21,0.0,0.0,0.0,0.0,0.0,0.0,0.0,0.0,0.0,4.81753e+17
2.5232e-05,2.20918e+20,0.0,0.0,0.0,0.0,8.09954e+21,0.0,0.0,0.0,0.0,0.0,0.0,0.0,0.0,0.0,5.15107e+17
2.56011e-05,2.29411e+20,0.0,0.0,0.0,0.0,8.27744e+21,0.0,0.0,0.0,0.0,0.0,0.0,0.0,0.0,0.0,5.50548e+17
2.59756e-05,2.38232e+20,0.0,0.0,0.0,0.0,8.45811e+21,0.0,0.0,0.0,0.0,0.0,0.0,0.0,0.0,0.0,5.88077e+17
2.63556e-05,2.47455e+20,0.0,0.0,0.0,0.0,8.64165e+21,0.0,0.0,0.0,0.0,0.0,0.0,0.0,0.0,0.0,6.28258e+17
2.67412e-05,2.5693e+20,0.0,0.0,0.0,0.0,8.82784e+21,0.0,0.0,0.0,0.0,0.0,0.0,0.0,0.0,0.0,6.70389e+17
2.71324e-05,2.66846e+20,0.0,0.0,0.0,0.0,9.01666e+21,0.0,0.0,0.0,0.0,0.0,0.0,0.0,0.0,0.0,7.16681e+17
2.75293e-05,2.76961e+20,0.0,0.0,0.0,0.0,9.20815e+21,0.0,0.0,0.0,0.0,0.0,0.0,0.0,0.0,0.0,7.64394e+17
2.7932e-05,2.87594e+20,0.0,0.0,0.0,0.0,9.40175e+21,0.0,0.0,0.0,0.0,0.0,0.0,0.0,0.0,0.0,8.17871e+17
2.83406e-05,2.98383e+20,0.0,0.0,0.0,0.0,9.59819e+21,0.0,0.0,0.0,0.0,0.0,0.0,0.0,0.0,0.0,8.72132e+17
2.87552e-05,3.09846e+20,0.0,0.0,0.0,0.0,9.79591e+21,0.0,0.0,0.0,0.0,0.0,0.0,0.0,0.0,0.0,9.3305e+17
2.91759e-05,3.21488e+20,0.0,0.0,0.0,0.0,9.99648e+21,0.0,0.0,0.0,0.0,0.0,0.0,0.0,0.0,0.0,9.94993e+17
2.96027e-05,3.33769e+20,0.0,0.0,0.0,0.0,1.01977e+22,0.0,0.0,0.0,0.0,0.0,0.0,0.0,0.0,0.0,1.06344e+18
3.00358e-05,3.46327e+20,0.0,0.0,0.0,0.0,1.04013e+22,0.0,0.0,0.0,0.0,0.0,0.0,0.0,0.0,0.0,1.13406e+18
3.04752e-05,3.59445e+20,0.0,0.0,0.0,0.0,1.06051e+22,0.0,0.0,0.0,0.0,0.0,0.0,0.0,0.0,0.0,1.21128e+18
3.0921e-05,3.72936e+20,0.0,0.0,0.0,0.0,1.08106e+22,0.0,0.0,0.0,0.0,0.0,0.0,0.0,0.0,0.0,1.2923e+18
3.13734e-05,3.86923e+20,0.0,0.0,0.0,0.0,1.10159e+22,0.0,0.0,0.0,0.0,0.0,0.0,0.0,0.0,0.0,1.37954e+18
3.18323e-05,4.01384e+20,0.0,0.0,0.0,0.0,1.12214e+22,0.0,0.0,0.0,0.0,0.0,0.0,0.0,0.0,0.0,1.47261e+18
3.2298e-05,4.16287e+20,0.0,0.0,0.0,0.0,1.14268e+22,0.0,0.0,0.0,0.0,0.0,0.0,0.0,0.0,0.0,1.5711e+18
3.27705e-05,4.31789e+20,0.0,0.0,0.0,0.0,1.16301e+22,0.0,0.0,0.0,0.0,0.0,0.0,0.0,0.0,0.0,1.67777e+18
3.32499e-05,4.47665e+20,0.0,0.0,0.0,0.0,1.1834e+22,0.0,0.0,0.0,0.0,0.0,0.0,0.0,0.0,0.0,1.78874e+18
3.37363e-05,4.64279e+20,0.0,0.0,0.0,0.0,1.20323e+22,0.0,0.0,0.0,0.0,0.0,0.0,0.0,0.0,0.0,1.91073e+18
3.42299e-05,4.81189e+20,0.0,0.0,0.0,0.0,1.22325e+22,0.0,0.0,0.0,0.0,0.0,0.0,0.0,0.0,0.0,2.03555e+18
3.47306e-05,4.98979e+20,0.0,0.0,0.0,0.0,1.24225e+22,0.0,0.0,0.0,0.0,0.0,0.0,0.0,0.0,0.0,2.17497e+18
3.52387e-05,5.1703e+20,0.0,0.0,0.0,0.0,1.26153e+22,0.0,0.0,0.0,0.0,0.0,0.0,0.0,0.0,0.0,2.31643e+18
3.57542e-05,5.35989e+20,0.0,0.0,0.0,0.0,1.27941e+22,0.0,0.0,0.0,0.0,0.0,0.0,0.0,0.0,0.0,2.47456e+18
3.62773e-05,5.55278e+20,0.0,0.0,0.0,0.0,1.29743e+22,0.0,0.0,0.0,0.0,0.0,0.0,0.0,0.0,0.0,2.63617e+18
3.6808e-05,5.75398e+20,0.0,0.0,0.0,0.0,1.31396e+22,0.0,0.0,0.0,0.0,0.0,0.0,0.0,0.0,0.0,2.81416e+18
3.73464e-05,5.95972e+20,0.0,0.0,0.0,0.0,1.33023e+22,0.0,0.0,0.0,0.0,0.0,0.0,0.0,0.0,0.0,2.99884e+18
3.78928e-05,6.17282e+20,0.0,0.0,0.0,0.0,1.34501e+22,0.0,0.0,0.0,0.0,0.0,0.0,0.0,0.0,0.0,3.19906e+18
3.84471e-05,6.39167e+20,0.0,0.0,0.0,0.0,1.35897e+22,0.0,0.0,0.0,0.0,0.0,0.0,0.0,0.0,0.0,3.40995e+18
3.90096e-05,6.61695e+20,0.0,0.0,0.0,0.0,1.37157e+22,0.0,0.0,0.0,0.0,0.0,0.0,0.0,0.0,0.0,3.63505e+18
3.95803e-05,6.84912e+20,0.0,0.0,0.0,0.0,1.3826e+22,0.0,0.0,0.0,0.0,0.0,0.0,0.0,0.0,0.0,3.87581e+18
4.01593e-05,7.08674e+20,0.0,0.0,0.0,0.0,1.39255e+22,0.0,0.0,0.0,0.0,0.0,0.0,0.0,0.0,0.0,4.12869e+18
4.07468e-05,7.33213e+20,0.0,0.0,0.0,0.0,1.40001e+22,0.0,0.0,0.0,0.0,0.0,0.0,0.0,0.0,0.0,4.40328e+18
4.13429e-05,7.58207e+20,0.0,0.0,0.0,0.0,1.40681e+22,0.0,0.0,0.0,0.0,0.0,0.0,0.0,0.0,0.0,4.68712e+18
4.19477e-05,7.84027e+20,0.0,0.0,0.0,0.0,1.41003e+22,0.0,0.0,0.0,0.0,0.0,0.0,0.0,0.0,0.0,5.00009e+18
4.25613e-05,8.10234e+20,0.0,0.0,0.0,0.0,1.41318e+22,0.0,0.0,0.0,0.0,0.0,0.0,0.0,0.0,0.0,5.31847e+18
4.3184e-05,8.37227e+20,0.0,0.0,0.0,0.0,1.41153e+22,0.0,0.0,0.0,0.0,0.0,0.0,0.0,0.0,0.0,5.67526e+18
4.38157e-05,8.64615e+20,0.0,0.0,0.0,0.0,1.40986e+22,0.0,0.0,0.0,0.0,0.0,0.0,0.0,0.0,0.0,6.03726e+18
4.44567e-05,8.9257e+20,0.0,0.0,0.0,0.0,1.40349e+22,0.0,0.0,0.0,0.0,0.0,0.0,0.0,0.0,0.0,6.4394e+18
4.51071e-05,9.20957e+20,0.0,0.0,0.0,0.0,1.39634e+22,0.0,0.0,0.0,0.0,0.0,0.0,0.0,0.0,0.0,6.85246e+18
4.57669e-05,9.49709e+20,0.0,0.0,0.0,0.0,1.38505e+22,0.0,0.0,0.0,0.0,0.0,0.0,0.0,0.0,0.0,7.30443e+18
4.64365e-05,9.78861e+20,0.0,0.0,0.0,0.0,1.37205e+22,0.0,0.0,0.0,0.0,0.0,0.0,0.0,0.0,0.0,7.77564e+18
4.71158e-05,1.00822e+21,0.0,0.0,0.0,0.0,1.35566e+22,0.0,0.0,0.0,0.0,0.0,0.0,0.0,0.0,0.0,8.28219e+18
4.78051e-05,1.03784e+21,0.0,0.0,0.0,0.0,1.33663e+22,0.0,0.0,0.0,0.0,0.0,0.0,0.0,0.0,0.0,8.81748e+18
4.85044e-05,1.06751e+21,0.0,0.0,0.0,0.0,1.31509e+22,0.0,0.0,0.0,0.0,0.0,0.0,0.0,0.0,0.0,9.38418e+18
4.9214e-05,1.09707e+21,0.0,0.0,0.0,0.0,1.29015e+22,0.0,0.0,0.0,0.0,0.0,0.0,0.0,0.0,0.0,9.99159e+18
4.9934e-05,1.1266e+21,0.0,0.0,0.0,0.0,1.26356e+22,0.0,0.0,0.0,0.0,0.0,0.0,0.0,0.0,0.0,1.06261e+19
5.06644e-05,1.1553e+21,0.0,0.0,0.0,0.0,1.23313e+22,0.0,0.0,0.0,0.0,0.0,0.0,0.0,0.0,0.0,1.13189e+19
5.14056e-05,1.18411e+21,0.0,0.0,0.0,0.0,1.20178e+22,0.0,0.0,0.0,0.0,0.0,0.0,0.0,0.0,0.0,1.20306e+19
5.21576e-05,1.21119e+21,0.0,0.0,0.0,0.0,1.16656e+22,0.0,0.0,0.0,0.0,0.0,0.0,0.0,0.0,0.0,1.28163e+19
5.29207e-05,1.23866e+21,0.0,0.0,0.0,0.0,1.13083e+22,0.0,0.0,0.0,0.0,0.0,0.0,0.0,0.0,0.0,1.36135e+19
5.36948e-05,1.263e+21,0.0,0.0,0.0,0.0,1.09187e+22,0.0,0.0,0.0,0.0,0.0,0.0,0.0,0.0,0.0,1.45015e+19
5.44804e-05,1.2876e+21,0.0,0.0,0.0,0.0,1.05226e+22,0.0,0.0,0.0,0.0,0.0,0.0,0.0,0.0,0.0,1.54048e+19
5.52774e-05,1.30849e+21,0.0,0.0,0.0,0.0,1.01083e+22,0.0,0.0,0.0,0.0,0.0,0.0,0.0,0.0,0.0,1.63999e+19
5.6086e-05,1.3288e+21,0.0,0.0,0.0,0.0,9.68529e+21,0.0,0.0,0.0,0.0,0.0,0.0,0.0,0.0,0.0,1.74267e+19
5.69065e-05,1.34514e+21,0.0,0.0,0.0,0.0,9.2549e+21,0.0,0.0,0.0,0.0,0.0,0.0,0.0,0.0,0.0,1.85363e+19
5.7739e-05,1.35962e+21,0.0,0.0,0.0,0.0,8.81764e+21,0.0,0.0,0.0,0.0,0.0,0.0,0.0,0.0,0.0,1.96956e+19
5.85837e-05,1.37021e+21,0.0,0.0,0.0,0.0,8.37986e+21,0.0,0.0,0.0,0.0,0.0,0.0,0.0,0.0,0.0,2.09338e+19
5.94407e-05,1.37715e+21,0.0,0.0,0.0,0.0,7.9411e+21,0.0,0.0,0.0,0.0,0.0,0.0,0.0,0.0,0.0,2.22475e+19
6.03103e-05,1.38074e+21,0.0,0.0,0.0,0.0,7.50442e+21,0.0,0.0,0.0,0.0,0.0,0.0,0.0,0.0,0.0,2.36284e+19
6.11926e-05,1.3785e+21,0.0,0.0,0.0,0.0,7.07589e+21,0.0,0.0,0.0,0.0,0.0,0.0,0.0,0.0,0.0,2.51115e+19
6.20878e-05,1.37398e+21,0.0,0.0,0.0,0.0,6.64829e+21,0.0,0.0,0.0,0.0,0.0,0.0,0.0,0.0,0.0,2.66472e+19
6.29961e-05,1.3614e+21,0.0,0.0,0.0,0.0,6.24004e+21,0.0,0.0,0.0,0.0,0.0,0.0,0.0,0.0,0.0,2.83157e+19
6.39176e-05,1.34789e+21,0.0,0.0,0.0,0.0,5.82862e+21,0.0,0.0,0.0,0.0,0.0,0.0,0.0,0.0,0.0,3.00199e+19
6.48527e-05,1.32428e+21,0.0,0.0,0.0,0.0,5.44852e+21,0.0,0.0,0.0,0.0,0.0,0.0,0.0,0.0,0.0,3.18993e+19
6.58014e-05,1.30033e+21,0.0,0.0,0.0,0.0,5.06286e+21,0.0,0.0,0.0,0.0,0.0,0.0,0.0,0.0,0.0,3.38063e+19
6.67641e-05,1.26678e+21,0.0,0.0,0.0,0.0,4.71284e+21,0.0,0.0,0.0,0.0,0.0,0.0,0.0,0.0,0.0,3.58994e+19
6.77408e-05,1.23193e+21,0.0,0.0,0.0,0.0,4.36131e+21,0.0,0.0,0.0,0.0,0.0,0.0,0.0,0.0,0.0,3.80369e+19
6.87317e-05,1.1901e+21,0.0,0.0,0.0,0.0,4.04091e+21,0.0,0.0,0.0,0.0,0.0,0.0,0.0,0.0,0.0,4.03447e+19
6.97372e-05,1.14572e+21,0.0,0.0,0.0,0.0,3.72674e+21,0.0,0.0,0.0,0.0,0.0,0.0,0.0,0.0,0.0,4.27281e+19
7.07574e-05,1.09706e+21,0.0,0.0,0.0,0.0,3.43724e+21,0.0,0.0,0.0,0.0,0.0,0.0,0.0,0.0,0.0,4.52619e+19
7.17925e-05,1.04543e+21,0.0,0.0,0.0,0.0,3.16161e+21,0.0,0.0,0.0,0.0,0.0,0.0,0.0,0.0,0.0,4.79043e+19
7.28428e-05,9.91751e+20,0.0,0.0,0.0,0.0,2.90331e+21,0.0,0.0,0.0,0.0,0.0,0.0,0.0,0.0,0.0,5.06713e+19
7.39084e-05,9.35802e+20,0.0,0.0,0.0,0.0,2.66558e+21,0.0,0.0,0.0,0.0,0.0,0.0,0.0,0.0,0.0,5.35768e+19
7.49897e-05,8.79179e+20,0.0,0.0,0.0,0.0,2.43795e+21,0.0,0.0,0.0,0.0,0.0,0.0,0.0,0.0,0.0,5.65764e+19
7.60867e-05,8.2204e+20,0.0,0.0,0.0,0.0,2.23621e+21,0.0,0.0,0.0,0.0,0.0,0.0,0.0,0.0,0.0,5.9731e+19
7.71998e-05,7.64625e+20,0.0,0.0,0.0,0.0,2.03804e+21,0.0,0.0,0.0,0.0,0.0,0.0,0.0,0.0,0.0,6.29506e+19
7.83291e-05,7.09149e+20,0.0,0.0,0.0,0.0,1.86938e+21,0.0,0.0,0.0,0.0,0.0,0.0,0.0,0.0,0.0,6.63108e+19
7.9475e-05,6.52963e+20,0.0,0.0,0.0,0.0,1.69887e+21,0.0,0.0,0.0,0.0,0.0,0.0,0.0,0.0,0.0,6.97204e+19
8.06377e-05,6.01405e+20,0.0,0.0,0.0,0.0,1.55976e+21,0.0,0.0,0.0,0.0,0.0,0.0,0.0,0.0,0.0,7.31953e+19
8.18173e-05,5.49092e+20,0.0,0.0,0.0,0.0,1.41861e+21,0.0,0.0,0.0,0.0,0.0,0.0,0.0,0.0,0.0,7.6721e+19
8.30143e-05,5.02037e+20,0.0,0.0,0.0,0.0,1.30127e+21,0.0,0.0,0.0,0.0,0.0,0.0,0.0,0.0,0.0,8.01716e+19
8.42287e-05,4.55216e+20,0.0,0.0,0.0,0.0,1.18617e+21,0.0,0.0,0.0,0.0,0.0,0.0,0.0,0.0,0.0,8.36532e+19
8.54609e-05,4.1312e+20,0.0,0.0,0.0,0.0,1.08738e+21,0.0,0.0,0.0,0.0,0.0,0.0,0.0,0.0,0.0,8.69067e+19
8.67111e-05,3.72551e+20,0.0,0.0,0.0,0.0,9.9427e+20,0.0,0.0,0.0,0.0,0.0,0.0,0.0,0.0,0.0,9.00972e+19
8.79796e-05,3.35644e+20,0.0,0.0,0.0,0.0,9.1138e+20,0.0,0.0,0.0,0.0,0.0,0.0,0.0,0.0,0.0,9.29163e+19
8.92667e-05,3.01464e+20,0.0,0.0,0.0,0.0,8.36174e+20,0.0,0.0,0.0,0.0,0.0,0.0,0.0,0.0,0.0,9.54555e+19
9.05726e-05,2.69706e+20,0.0,0.0,0.0,0.0,7.66581e+20,0.0,0.0,0.0,0.0,0.0,0.0,0.0,0.0,0.0,9.75442e+19
9.18976e-05,2.41598e+20,0.0,0.0,0.0,0.0,7.05418e+20,0.0,0.0,0.0,0.0,0.0,0.0,0.0,0.0,0.0,9.89771e+19
9.3242e-05,2.14748e+20,0.0,0.0,0.0,0.0,6.46621e+20,0.0,0.0,0.0,0.0,0.0,0.0,0.0,0.0,0.0,1.00012e+20
9.4606e-05,1.92123e+20,0.0,0.0,0.0,0.0,5.95987e+20,0.0,0.0,0.0,0.0,0.0,0.0,0.0,0.0,0.0,9.99019e+19
9.599e-05,1.69793e+20,0.0,0.0,0.0,0.0,5.45667e+20,0.0,0.0,0.0,0.0,0.0,0.0,0.0,0.0,0.0,9.95761e+19
9.73943e-05,1.51924e+20,0.0,0.0,0.0,0.0,5.0267e+20,0.0,0.0,0.0,0.0,0.0,0.0,0.0,0.0,0.0,9.76094e+19
9.88191e-05,1.33793e+20,0.0,0.0,0.0,0.0,4.59044e+20,0.0,0.0,0.0,0.0,0.0,0.0,0.0,0.0,0.0,9.56139e+19
0.000100265,1.19766e+20,0.0,0.0,0.0,0.0,4.2136e+20,0.0,0.0,0.0,0.0,0.0,0.0,0.0,0.0,0.0,9.18737e+19
0.000101732,1.05687e+20,0.0,0.0,0.0,0.0,3.83357e+20,0.0,0.0,0.0,0.0,0.0,0.0,0.0,0.0,0.0,8.80184e+19
0.00010322,9.43942e+19,0.0,0.0,0.0,0.0,3.49267e+20,0.0,0.0,0.0,0.0,0.0,0.0,0.0,0.0,0.0,8.30368e+19
0.00010473,8.36162e+19,0.0,0.0,0.0,0.0,3.15694e+20,0.0,0.0,0.0,0.0,0.0,0.0,0.0,0.0,0.0,7.77393e+19
0.000106262,7.46032e+19,0.0,0.0,0.0,0.0,2.84929e+20,0.0,0.0,0.0,0.0,0.0,0.0,0.0,0.0,0.0,7.19797e+19
0.000107816,6.64312e+19,0.0,0.0,0.0,0.0,2.55384e+20,0.0,0.0,0.0,0.0,0.0,0.0,0.0,0.0,0.0,6.59412e+19
0.000109394,5.92722e+19,0.0,0.0,0.0,0.0,2.27937e+20,0.0,0.0,0.0,0.0,0.0,0.0,0.0,0.0,0.0,5.99091e+19
0.000110994,5.30812e+19,0.0,0.0,0.0,0.0,2.02484e+20,0.0,0.0,0.0,0.0,0.0,0.0,0.0,0.0,0.0,5.38786e+19
0.000112618,4.73845e+19,0.0,0.0,0.0,0.0,1.78458e+20,0.0,0.0,0.0,0.0,0.0,0.0,0.0,0.0,0.0,4.8033e+19
0.000114265,4.26292e+19,0.0,0.0,0.0,0.0,1.57235e+20,0.0,0.0,0.0,0.0,0.0,0.0,0.0,0.0,0.0,4.25806e+19
0.000115937,3.80447e+19,0.0,0.0,0.0,0.0,1.36722e+20,0.0,0.0,0.0,0.0,0.0,0.0,0.0,0.0,0.0,3.72703e+19
0.000117633,3.42785e+19,0.0,0.0,0.0,0.0,1.19672e+20,0.0,0.0,0.0,0.0,0.0,0.0,0.0,0.0,0.0,3.26999e+19
0.000119354,3.05071e+19,0.0,0.0,0.0,0.0,1.02651e+20,0.0,0.0,0.0,0.0,0.0,0.0,0.0,0.0,0.0,2.81322e+19
0.0001211,2.74109e+19,0.0,0.0,0.0,0.0,8.94467e+19,0.0,0.0,0.0,0.0,0.0,0.0,0.0,0.0,0.0,2.4515e+19
0.000122871,2.42694e+19,0.0,0.0,0.0,0.0,7.60494e+19,0.0,0.0,0.0,0.0,0.0,0.0,0.0,0.0,0.0,2.08448e+19
0.000124669,2.16161e+19,0.0,0.0,0.0,0.0,6.58406e+19,0.0,0.0,0.0,0.0,0.0,0.0,0.0,0.0,0.0,1.80206e+19
0.000126493,1.89746e+19,0.0,0.0,0.0,0.0,5.58029e+19,0.0,0.0,0.0,0.0,0.0,0.0,0.0,0.0,0.0,1.52402e+19
0.000128343,1.66824e+19,0.0,0.0,0.0,0.0,4.78998e+19,0.0,0.0,0.0,0.0,0.0,0.0,0.0,0.0,0.0,1.30425e+19
0.000130221,1.44775e+19,0.0,0.0,0.0,0.0,4.05918e+19,0.0,0.0,0.0,0.0,0.0,0.0,0.0,0.0,0.0,1.10069e+19
0.000132126,1.25377e+19,0.0,0.0,0.0,0.0,3.45876e+19,0.0,0.0,0.0,0.0,0.0,0.0,0.0,0.0,0.0,9.33336e+18
0.000134059,1.07583e+19,0.0,0.0,0.0,0.0,2.93909e+19,0.0,0.0,0.0,0.0,0.0,0.0,0.0,0.0,0.0,7.88408e+18
0.00013602,9.16403e+18,0.0,0.0,0.0,0.0,2.49057e+19,0.0,0.0,0.0,0.0,0.0,0.0,0.0,0.0,0.0,6.63566e+18
0.00013801,7.793e+18,0.0,0.0,0.0,0.0,2.12741e+19,0.0,0.0,0.0,0.0,0.0,0.0,0.0,0.0,0.0,5.62818e+18
0.000140029,6.52669e+18,0.0,0.0,0.0,0.0,1.79666e+19,0.0,0.0,0.0,0.0,0.0,0.0,0.0,0.0,0.0,4.71449e+18
0.000142077,5.51803e+18,0.0,0.0,0.0,0.0,1.54453e+19,0.0,0.0,0.0,0.0,0.0,0.0,0.0,0.0,0.0,4.02766e+18
0.000144156,4.54715e+18,0.0,0.0,0.0,0.0,1.30206e+19,0.0,0.0,0.0,0.0,0.0,0.0,0.0,0.0,0.0,3.37011e+18
0.000146264,3.83473e+18,0.0,0.0,0.0,0.0,1.12527e+19,0.0,0.0,0.0,0.0,0.0,0.0,0.0,0.0,0.0,2.90705e+18
0.000148404,3.11484e+18,0.0,0.0,0.0,0.0,9.46539e+18,0.0,0.0,0.0,0.0,0.0,0.0,0.0,0.0,0.0,2.43915e+18
0.000150575,2.62818e+18,0.0,0.0,0.0,0.0,8.19005e+18,0.0,0.0,0.0,0.0,0.0,0.0,0.0,0.0,0.0,2.12357e+18
0.000152778,2.1344e+18,0.0,0.0,0.0,0.0,6.89606e+18,0.0,0.0,0.0,0.0,0.0,0.0,0.0,0.0,0.0,1.80337e+18
0.000155013,1.78667e+18,0.0,0.0,0.0,0.0,5.89962e+18,0.0,0.0,0.0,0.0,0.0,0.0,0.0,0.0,0.0,1.56489e+18
0.000157281,1.45855e+18,0.0,0.0,0.0,0.0,4.9396e+18,0.0,0.0,0.0,0.0,0.0,0.0,0.0,0.0,0.0,1.33684e+18
0.000159582,1.21263e+18,0.0,0.0,0.0,0.0,4.15889e+18,0.0,0.0,0.0,0.0,0.0,0.0,0.0,0.0,0.0,1.14917e+18
0.000161916,9.98596e+17,0.0,0.0,0.0,0.0,3.44561e+18,0.0,0.0,0.0,0.0,0.0,0.0,0.0,0.0,0.0,9.76601e+17
0.000164285,8.26461e+17,0.0,0.0,0.0,0.0,2.84499e+18,0.0,0.0,0.0,0.0,0.0,0.0,0.0,0.0,0.0,8.25975e+17
0.000166688,6.87235e+17,0.0,0.0,0.0,0.0,2.33243e+18,0.0,0.0,0.0,0.0,0.0,0.0,0.0,0.0,0.0,6.92398e+17
0.000169127,5.6657e+17,0.0,0.0,0.0,0.0,1.88455e+18,0.0,0.0,0.0,0.0,0.0,0.0,0.0,0.0,0.0,5.72273e+17
0.000171601,4.73888e+17,0.0,0.0,0.0,0.0,1.53435e+18,0.0,0.0,0.0,0.0,0.0,0.0,0.0,0.0,0.0,4.72636e+17
0.000174111,3.87932e+17,0.0,0.0,0.0,0.0,1.21332e+18,0.0,0.0,0.0,0.0,0.0,0.0,0.0,0.0,0.0,3.80081e+17
0.000176658,3.2382e+17,0.0,0.0,0.0,0.0,9.85625e+17,0.0,0.0,0.0,0.0,0.0,0.0,0.0,0.0,0.0,3.10577e+17
0.000179243,2.61078e+17,0.0,0.0,0.0,0.0,7.64709e+17,0.0,0.0,0.0,0.0,0.0,0.0,0.0,0.0,0.0,2.42919e+17
0.000181865,2.16146e+17,0.0,0.0,0.0,0.0,6.22579e+17,0.0,0.0,0.0,0.0,0.0,0.0,0.0,0.0,0.0,1.97501e+17
0.000184525,1.70556e+17,0.0,0.0,0.0,0.0,4.78371e+17,0.0,0.0,0.0,0.0,0.0,0.0,0.0,0.0,0.0,1.51419e+17
0.000187225,1.39452e+17,0.0,0.0,0.0,0.0,3.89856e+17,0.0,0.0,0.0,0.0,0.0,0.0,0.0,0.0,0.0,1.22491e+17
0.000189964,1.08529e+17,0.0,0.0,0.0,0.0,3.02475e+17,0.0,0.0,0.0,0.0,0.0,0.0,0.0,0.0,0.0,9.38876e+16
0.000192743,8.67721e+16,0.0,0.0,0.0,0.0,2.4402e+17,0.0,0.0,0.0,0.0,0.0,0.0,0.0,0.0,0.0,7.47584e+16
0.000195563,6.69731e+16,0.0,0.0,0.0,0.0,1.91858e+17,0.0,0.0,0.0,0.0,0.0,0.0,0.0,0.0,0.0,5.76902e+16
0.000198423,5.23516e+16,0.0,0.0,0.0,0.0,1.53372e+17,0.0,0.0,0.0,0.0,0.0,0.0,0.0,0.0,0.0,4.53676e+16
0.000201326,4.03597e+16,0.0,0.0,0.0,0.0,1.21833e+17,0.0,0.0,0.0,0.0,0.0,0.0,0.0,0.0,0.0,3.54629e+16
0.000204271,3.09109e+16,0.0,0.0,0.0,0.0,9.62248e+16,0.0,0.0,0.0,0.0,0.0,0.0,0.0,0.0,0.0,2.76762e+16
0.00020726,2.39618e+16,0.0,0.0,0.0,0.0,7.64444e+16,0.0,0.0,0.0,0.0,0.0,0.0,0.0,0.0,0.0,2.19716e+16
0.000210292,1.80657e+16,0.0,0.0,0.0,0.0,5.9153e+16,0.0,0.0,0.0,0.0,0.0,0.0,0.0,0.0,0.0,1.70647e+16
0.000213368,1.4159e+16,0.0,0.0,0.0,0.0,4.66037e+16,0.0,0.0,0.0,0.0,0.0,0.0,0.0,0.0,0.0,1.36702e+16
0.00021649,1.05754e+16,0.0,0.0,0.0,0.0,3.49648e+16,0.0,0.0,0.0,0.0,0.0,0.0,0.0,0.0,0.0,1.05095e+16
0.000219657,8391730000000000.0,0.0,0.0,0.0,0.0,2.73348e+16,0.0,0.0,0.0,0.0,0.0,0.0,0.0,0.0,0.0,8385120000000000.0
0.00022287,6233490000000000.0,0.0,0.0,0.0,0.0,1.97964e+16,0.0,0.0,0.0,0.0,0.0,0.0,0.0,0.0,0.0,6279880000000000.0
0.00022613,4974540000000000.0,0.0,0.0,0.0,0.0,1.54467e+16,0.0,0.0,0.0,0.0,0.0,0.0,0.0,0.0,0.0,4959370000000000.0
0.000229439,3697160000000000.0,0.0,0.0,0.0,0.0,1.10333e+16,0.0,0.0,0.0,0.0,0.0,0.0,0.0,0.0,0.0,3619550000000000.0
0.000232795,2898120000000000.0,0.0,0.0,0.0,0.0,8491150000000000.0,0.0,0.0,0.0,0.0,0.0,0.0,0.0,0.0,0.0,2797540000000000.0
0.000236201,2138120000000000.0,0.0,0.0,0.0,0.0,6109360000000000.0,0.0,0.0,0.0,0.0,0.0,0.0,0.0,0.0,0.0,2018370000000000.0
0.000239656,1623860000000000.0,0.0,0.0,0.0,0.0,4601710000000000.0,0.0,0.0,0.0,0.0,0.0,0.0,0.0,0.0,0.0,1512810000000000.0
0.000243162,1184750000000000.0,0.0,0.0,0.0,0.0,3364650000000000.0,0.0,0.0,0.0,0.0,0.0,0.0,0.0,0.0,0.0,1091620000000000.0
0.000246719,868539000000000.0,0.0,0.0,0.0,0.0,2492300000000000.0,0.0,0.0,0.0,0.0,0.0,0.0,0.0,0.0,0.0,795275000000000.0
0.000250329,631817000000000.0,0.0,0.0,0.0,0.0,1856190000000000.0,0.0,0.0,0.0,0.0,0.0,0.0,0.0,0.0,0.0,579821000000000.0
0.000253991,447692000000000.0,0.0,0.0,0.0,0.0,1354110000000000.0,0.0,0.0,0.0,0.0,0.0,0.0,0.0,0.0,0.0,413377000000000.0
0.000257706,327903000000000.0,0.0,0.0,0.0,0.0,1016040000000000.0,0.0,0.0,0.0,0.0,0.0,0.0,0.0,0.0,0.0,306868000000000.0
0.000261476,226201000000000.0,0.0,0.0,0.0,0.0,723089000000000.0,0.0,0.0,0.0,0.0,0.0,0.0,0.0,0.0,0.0,216053000000000.0
0.000265302,168129000000000.0,0.0,0.0,0.0,0.0,539697000000000.0,0.0,0.0,0.0,0.0,0.0,0.0,0.0,0.0,0.0,163147000000000.0
0.000269183,114157000000000.0,0.0,0.0,0.0,0.0,368265000000000.0,0.0,0.0,0.0,0.0,0.0,0.0,0.0,0.0,0.0,113643000000000.0
0.000273121,86228600000000.0,0.0,0.0,0.0,0.0,273708000000000.0,0.0,0.0,0.0,0.0,0.0,0.0,0.0,0.0,0.0,86047800000000.0
0.000277116,57981700000000.0,0.0,0.0,0.0,0.0,178087000000000.0,0.0,0.0,0.0,0.0,0.0,0.0,0.0,0.0,0.0,58134300000000.0
0.00028117,44020800000000.0,0.0,0.0,0.0,0.0,132832000000000.0,0.0,0.0,0.0,0.0,0.0,0.0,0.0,0.0,0.0,43726800000000.0
0.000285283,29855600000000.0,0.0,0.0,0.0,0.0,86915700000000.0,0.0,0.0,0.0,0.0,0.0,0.0,0.0,0.0,0.0,29108500000000.0
0.000289457,21781500000000.0,0.0,0.0,0.0,0.0,62728800000000.0,0.0,0.0,0.0,0.0,0.0,0.0,0.0,0.0,0.0,21017000000000.0
0.000293691,14655800000000.0,0.0,0.0,0.0,0.0,41981400000000.0,0.0,0.0,0.0,0.0,0.0,0.0,0.0,0.0,0.0,13948500000000.0
0.000297988,10207400000000.0,0.0,0.0,0.0,0.0,29421600000000.0,0.0,0.0,0.0,0.0,0.0,0.0,0.0,0.0,0.0,9644950000000.0
0.000302347,6862660000000.0,0.0,0.0,0.0,0.0,20245900000000.0,0.0,0.0,0.0,0.0,0.0,0.0,0.0,0.0,0.0,6483760000000.0
0.00030677,4561640000000.0,0.0,0.0,0.0,0.0,13820400000000.0,0.0,0.0,0.0,0.0,0.0,0.0,0.0,0.0,0.0,4324860000000.0
0.000311258,3108110000000.0,0.0,0.0,0.0,0.0,9626880000000.0,0.0,0.0,0.0,0.0,0.0,0.0,0.0,0.0,0.0,2979970000000.0
0.000315811,1991800000000.0,0.0,0.0,0.0,0.0,6328430000000.0,0.0,0.0,0.0,0.0,0.0,0.0,0.0,0.0,0.0,1941240000000.0
0.000320431,1389210000000.0,0.0,0.0,0.0,0.0,4395840000000.0,0.0,0.0,0.0,0.0,0.0,0.0,0.0,0.0,0.0,1369080000000.0
0.000325119,870844000000.0,0.0,0.0,0.0,0.0,2728470000000.0,0.0,0.0,0.0,0.0,0.0,0.0,0.0,0.0,0.0,872906000000.0
0.000329875,618847000000.0,0.0,0.0,0.0,0.0,1900990000000.0,0.0,0.0,0.0,0.0,0.0,0.0,0.0,0.0,0.0,617892000000.0
0.000334701,378744000000.0,0.0,0.0,0.0,0.0,1115780000000.0,0.0,0.0,0.0,0.0,0.0,0.0,0.0,0.0,0.0,374957000000.0
0.000339597,269612000000.0,0.0,0.0,0.0,0.0,788415000000.0,0.0,0.0,0.0,0.0,0.0,0.0,0.0,0.0,0.0,264933000000.0
0.000344566,158885000000.0,0.0,0.0,0.0,0.0,456261000000.0,0.0,0.0,0.0,0.0,0.0,0.0,0.0,0.0,0.0,153301000000.0
0.000349606,111081000000.0,0.0,0.0,0.0,0.0,321931000000.0,0.0,0.0,0.0,0.0,0.0,0.0,0.0,0.0,0.0,106914000000.0
0.000354721,65698200000.0,0.0,0.0,0.0,0.0,195430000000.0,0.0,0.0,0.0,0.0,0.0,0.0,0.0,0.0,0.0,63080600000.0
0.00035991,43236600000.0,0.0,0.0,0.0,0.0,131077000000.0,0.0,0.0,0.0,0.0,0.0,0.0,0.0,0.0,0.0,41649100000.0
0.000365175,26239500000.0,0.0,0.0,0.0,0.0,81501600000.0,0.0,0.0,0.0,0.0,0.0,0.0,0.0,0.0,0.0,25564000000.0
0.000370517,16390200000.0,0.0,0.0,0.0,0.0,51615700000.0,0.0,0.0,0.0,0.0,0.0,0.0,0.0,0.0,0.0,16148100000.0
0.000375938,10343000000.0,0.0,0.0,0.0,0.0,32184500000.0,0.0,0.0,0.0,0.0,0.0,0.0,0.0,0.0,0.0,10278400000.0
0.000381437,6212080000.0,0.0,0.0,0.0,0.0,18964500000.0,0.0,0.0,0.0,0.0,0.0,0.0,0.0,0.0,0.0,6220690000.0
0.000387017,4013230000.0,0.0,0.0,0.0,0.0,12006400000.0,0.0,0.0,0.0,0.0,0.0,0.0,0.0,0.0,0.0,3989890000.0
0.000392679,2292220000.0,0.0,0.0,0.0,0.0,6642440000.0,0.0,0.0,0.0,0.0,0.0,0.0,0.0,0.0,0.0,2250770000.0
0.000398424,1487700000.0,0.0,0.0,0.0,0.0,4331320000.0,0.0,0.0,0.0,0.0,0.0,0.0,0.0,0.0,0.0,1454270000.0
0.000404252,784069000.0,0.0,0.0,0.0,0.0,2310720000.0,0.0,0.0,0.0,0.0,0.0,0.0,0.0,0.0,0.0,759157000.0
0.000410166,516273000.0,0.0,0.0,0.0,0.0,1544780000.0,0.0,0.0,0.0,0.0,0.0,0.0,0.0,0.0,0.0,501474000.0
0.000416167,254591000.0,0.0,0.0,0.0,0.0,795101000.0,0.0,0.0,0.0,0.0,0.0,0.0,0.0,0.0,0.0,249639000.0
0.000422255,171981000.0,0.0,0.0,0.0,0.0,535224000.0,0.0,0.0,0.0,0.0,0.0,0.0,0.0,0.0,0.0,169465000.0
0.000428432,88163200.0,0.0,0.0,0.0,0.0,271544000.0,0.0,0.0,0.0,0.0,0.0,0.0,0.0,0.0,0.0,88118800.0
0.0004347,56733600.0,0.0,0.0,0.0,0.0,172634000.0,0.0,0.0,0.0,0.0,0.0,0.0,0.0,0.0,0.0,56710900.0
0.000441059,30698600.0,0.0,0.0,0.0,0.0,90688900.0,0.0,0.0,0.0,0.0,0.0,0.0,0.0,0.0,0.0,30426500.0
0.000447511,18132800.0,0.0,0.0,0.0,0.0,52795900.0,0.0,0.0,0.0,0.0,0.0,0.0,0.0,0.0,0.0,17855500.0
0.000454058,9988590.0,0.0,0.0,0.0,0.0,29395500.0,0.0,0.0,0.0,0.0,0.0,0.0,0.0,0.0,0.0,9788470.0
0.0004607,5345450.0,0.0,0.0,0.0,0.0,15985900.0,0.0,0.0,0.0,0.0,0.0,0.0,0.0,0.0,0.0,5218560.0
0.00046744,3049060.0,0.0,0.0,0.0,0.0,9272330.0,0.0,0.0,0.0,0.0,0.0,0.0,0.0,0.0,0.0,2993070.0
0.000474278,1504520.0,0.0,0.0,0.0,0.0,4688720.0,0.0,0.0,0.0,0.0,0.0,0.0,0.0,0.0,0.0,1491310.0
0.000481217,899393.0,0.0,0.0,0.0,0.0,2767060.0,0.0,0.0,0.0,0.0,0.0,0.0,0.0,0.0,0.0,893842.0
0.000488256,422316.0,0.0,0.0,0.0,0.0,1260110.0,0.0,0.0,0.0,0.0,0.0,0.0,0.0,0.0,0.0,421901.0
0.000495399,258615.0,0.0,0.0,0.0,0.0,767390.0,0.0,0.0,0.0,0.0,0.0,0.0,0.0,0.0,0.0,257248.0
0.000502646,111425.0,0.0,0.0,0.0,0.0,325271.0,0.0,0.0,0.0,0.0,0.0,0.0,0.0,0.0,0.0,109361.0
0.00051,69540.4,0.0,0.0,0.0,0.0,205286.0,0.0,0.0,0.0,0.0,0.0,0.0,0.0,0.0,0.0,68307.7
0.000517461,27055.8,0.0,0.0,0.0,0.0,83580.8,55720.6,0.0,0.0,0.0,0.0,0.0,0.0,0.0,0.0,26666.0
0.000525031,17420.0,0.0,0.0,0.0,0.0,53646.5,35764.4,0.0,0.0,0.0,0.0,0.0,0.0,0.0,0.0,17214.8
0.000532711,7643.32,0.0,0.0,0.0,0.0,23274.3,15516.2,0.0,0.0,0.0,0.0,0.0,0.0,0.0,0.0,7625.3
0.000540504,4277.88,0.0,0.0,0.0,0.0,12902.3,8601.54,0.0,0.0,0.0,0.0,0.0,0.0,0.0,0.0,4276.85
0.000548412,2028.29,0.0,0.0,0.0,0.0,6012.75,4008.5,0.0,0.0,0.0,0.0,0.0,0.0,0.0,0.0,2013.73
0.000556434,999.025,0.0,0.0,0.0,0.0,2925.89,1950.6,0.0,0.0,0.0,0.0,0.0,0.0,0.0,0.0,985.301
0.000564575,496.281,0.0,0.0,0.0,0.0,1480.72,987.15,0.0,0.0,0.0,0.0,0.0,0.0,0.0,0.0,489.694
0.000572834,213.065,0.0,0.0,0.0,0.0,654.771,436.514,0.0,0.0,0.0,0.0,0.0,0.0,0.0,0.0,210.586
0.000581214,113.101,0.0,0.0,0.0,0.0,345.638,230.425,0.0,0.0,0.0,0.0,0.0,0.0,0.0,0.0,112.202
0.000589717,44.523,0.0,0.0,0.0,0.0,134.039,89.3592,0.0,0.0,0.0,0.0,0.0,0.0,0.0,0.0,44.5509
0.000598344,24.7483,0.0,0.0,0.0,0.0,74.0862,49.3908,0.0,0.0,0.0,0.0,0.0,0.0,0.0,0.0,24.6888
0.000607097,8.78307,0.0,0.0,0.0,0.0,25.8019,17.2012,0.0,0.0,0.0,0.0,0.0,0.0,0.0,0.0,8.6702
0.000615978,5.05143,0.0,0.0,0.0,0.0,14.9709,9.98059,0.0,0.0,0.0,0.0,0.0,0.0,0.0,0.0,4.99177
0.000624989,1.57911,0.0,0.0,0.0,0.0,4.8792,3.2528,0.0,0.0,0.0,0.0,0.0,0.0,0.0,0.0,1.56854
0.000634132,0.948437,0.0,0.0,0.0,0.0,2.91222,1.94148,0.0,0.0,0.0,0.0,0.0,0.0,0.0,0.0,0.942642
0.000643409,0.308541,0.0,0.0,0.0,0.0,0.916466,0.610977,0.0,0.0,0.0,0.0,0.0,0.0,0.0,0.0,0.307591
0.000652822,0.173206,0.0,0.0,0.0,0.0,0.512379,0.341586,0.0,0.0,0.0,0.0,0.0,0.0,0.0,0.0,0.172598
0.000662372,0.0641765,0.0,0.0,0.0,0.0,0.19159,0.127727,0.0,0.0,0.0,0.0,0.0,0.0,0.0,0.0,0.0636652
0.000672062,0.0280108,0.0,0.0,0.0,0.0,0.083437,0.0556246,0.0,0.0,0.0,0.0,0.0,0.0,0.0,0.0,0.0282056
0.000681894,0.0120494,0.0,0.0,0.0,0.0,0.0358655,0.0239103,0.0,0.0,0.0,0.0,0.0,0.0,0.0,0.0,0.0121822
0.000691869,0.00511921,0.0,0.0,0.0,0.0,0.0152251,0.0101501,0.0,0.0,0.0,0.0,0.0,0.0,0.0,0.0,0.0051969
0.000701991,0.00213643,0.0,0.0,0.0,0.0,0.00634833,0.00423222,0.0,0.0,0.0,0.0,0.0,0.0,0.0,0.0,0.00217676
0.00071226,0.000871517,0.0,0.0,0.0,0.0,0.00258719,0.00172479,0.0,0.0,0.0,0.0,0.0,0.0,0.0,0.0,0.000890366
0.00072268,0.000346267,0.0,0.0,0.0,0.0,0.00102691,0.000684605,0.0,0.0,0.0,0.0,0.0,0.0,0.0,0.0,0.000354265
0.000733252,0.000133806,0.0,0.0,0.0,0.0,0.000396441,0.000264294,0.0,0.0,0.0,0.0,0.0,0.0,0.0,0.0,0.000136911
0.000743979,5.03473e-05,0.0,0.0,0.0,0.0,0.000149046,9.93638e-05,0.0,0.0,0.0,0.0,0.0,0.0,0.0,0.0,5.14638e-05
0.000754863,1.85165e-05,0.0,0.0,0.0,0.0,5.47818e-05,3.65212e-05,0.0,0.0,0.0,0.0,0.0,0.0,0.0,0.0,1.8896e-05
0.000765906,6.69521e-06,0.0,0.0,0.0,0.0,1.98017e-05,1.32011e-05,0.0,0.0,0.0,0.0,0.0,0.0,0.0,0.0,6.8215e-06
0.00077711,2.3965e-06,0.0,0.0,0.0,0.0,7.08779e-06,4.72519e-06,0.0,0.0,0.0,0.0,0.0,0.0,0.0,0.0,2.43967e-06
0.000788479,8.54703e-07,0.0,0.0,0.0,0.0,2.52845e-06,1.68563e-06,0.0,0.0,0.0,0.0,0.0,0.0,0.0,0.0,8.70575e-07
0.000800014,3.05118e-07,0.0,0.0,0.0,0.0,9.02943e-07,6.01962e-07,0.0,0.0,0.0,0.0,0.0,0.0,0.0,0.0,3.11483e-07
0.000811717,1.0918e-07,0.0,0.0,0.0,0.0,3.23179e-07,2.15453e-07,0.0,0.0,0.0,0.0,0.0,0.0,0.0,0.0,1.11889e-07
0.000823592,3.90613e-08,0.0,0.0,0.0,0.0,1.15614e-07,7.70758e-08,0.0,0.0,0.0,0.0,0.0,0.0,0.0,0.0,4.02306e-08
0.00083564,1.38858e-08,0.0,0.0,0.0,0.0,4.10724e-08,2.73816e-08,0.0,0.0,0.0,0.0,0.0,0.0,0.0,0.0,1.43767e-08
0.000847865,4.8612e-09,0.0,0.0,0.0,0.0,1.43598e-08,9.5732e-09,0.0,0.0,0.0,0.0,0.0,0.0,0.0,0.0,5.05584e-09
0.000860269,1.65991e-09,0.0,0.0,0.0,0.0,4.89373e-09,3.26249e-09,0.0,0.0,0.0,0.0,0.0,0.0,0.0,0.0,1.73138e-09
0.000872854,5.48438e-10,0.0,0.0,0.0,0.0,1.6131e-09,1.0754e-09,0.0,0.0,0.0,0.0,0.0,0.0,0.0,0.0,5.7251e-10
0.000885623,1.74623e-10,0.0,0.0,0.0,0.0,5.12401e-10,3.41601e-10,0.0,0.0,0.0,0.0,0.0,0.0,0.0,0.0,1.82069e-10
0.000898579,5.36488e-11,0.0,0.0,0.0,0.0,1.57127e-10,1.04751e-10,0.0,0.0,0.0,0.0,0.0,0.0,0.0,0.0,5.57998e-11
0.000911724,1.6012e-11,0.0,0.0,0.0,0.0,4.68491e-11,3.12327e-11,0.0,0.0,0.0,0.0,0.0,0.0,0.0,0.0,1.66127e-11
0.000925062,4.69279e-12,0.0,0.0,0.0,0.0,1.37321e-11,9.15476e-12,0.0,0.0,0.0,0.0,0.0,0.0,0.0,0.0,4.86335e-12
0.000938595,1.36673e-12,0.0,0.0,0.0,0.0,4.00387e-12,2.66924e-12,0.0,0.0,0.0,0.0,0.0,0.0,0.0,0.0,1.41822e-12
0.000952326,3.99268e-13,0.0,0.0,0.0,0.0,1.17165e-12,7.811e-13,0.0,0.0,0.0,0.0,0.0,0.0,0.0,0.0,4.16005e-13
0.000966257,1.17414e-13,0.0,0.0,0.0,0.0,3.45079e-13,2.30053e-13,0.0,0.0,0.0,0.0,0.0,0.0,0.0,0.0,1.2311e-13
0.000980393,3.46153e-14,0.0,0.0,0.0,0.0,1.0179e-13,6.78601e-14,0.0,0.0,0.0,0.0,0.0,0.0,0.0,0.0,3.65534e-14
0.000994735,1.01161e-14,0.0,0.0,0.0,0.0,2.97171e-14,1.98114e-14,0.0,0.0,0.0,0.0,0.0,0.0,0.0,0.0,1.07472e-14
0.00100929,2.88591e-15,0.0,0.0,0.0,0.0,8.45454e-15,5.63636e-15,0.0,0.0,0.0,0.0,0.0,0.0,0.0,0.0,3.07614e-15
0.00102405,7.9209e-16,0.0,0.0,0.0,0.0,2.31132e-15,1.54088e-15,0.0,0.0,0.0,0.0,0.0,0.0,0.0,0.0,8.44138e-16
0.00103903,2.07414e-16,0.0,0.0,0.0,0.0,6.02711e-16,4.01808e-16,0.0,0.0,0.0,0.0,0.0,0.0,0.0,0.0,2.20348e-16
0.00105423,5.18885e-17,0.0,0.0,0.0,0.0,1.5031e-16,1.00207e-16,0.0,0.0,0.0,0.0,0.0,0.0,0.0,0.0,5.48896e-17
0.00106966,1.25452e-17,0.0,0.0,0.0,0.0,3.63038e-17,2.42025e-17,0.0,0.0,0.0,0.0,0.0,0.0,0.0,0.0,1.32332e-17
0.0010853,2.98457e-18,0.0,0.0,0.0,0.0,8.64895e-18,5.76597e-18,0.0,0.0,0.0,0.0,0.0,0.0,0.0,0.0,3.15083e-18
0.00110118,7.11173e-19,0.0,0.0,0.0,0.0,2.06742e-18,1.37828e-18,0.0,0.0,0.0,0.0,0.0,0.0,0.0,0.0,7.54824e-19
0.00111729,1.71409e-19,0.0,0.0,0.0,0.0,4.9998e-19,3.3332e-19,0.0,0.0,0.0,0.0,0.0,0.0,0.0,0.0,1.83543e-19
0.00113364,4.16555e-20,0.0,0.0,0.0,0.0,1.21713e-19,8.11421e-20,0.0,0.0,0.0,0.0,0.0,0.0,0.0,0.0,4.50297e-20
0.00115022,1.00422e-20,0.0,0.0,0.0,0.0,2.93032e-20,1.95354e-20,0.0,0.0,0.0,0.0,0.0,0.0,0.0,0.0,1.09289e-20
0.00116705,2.3461e-21,0.0,0.0,0.0,0.0,6.81487e-21,4.54324e-21,0.0,0.0,0.0,0.0,0.0,0.0,0.0,0.0,2.55704e-21
0.00118412,5.20412e-22,0.0,0.0,0.0,0.0,1.50206e-21,1.00137e-21,0.0,0.0,0.0,0.0,0.0,0.0,0.0,0.0,5.65022e-22
0.00120144,1.08784e-22,0.0,0.0,0.0,0.0,3.12187e-22,2.08125e-22,0.0,0.0,0.0,0.0,0.0,0.0,0.0,0.0,1.17341e-22
0.00121902,2.16499e-23,0.0,0.0,0.0,0.0,6.197e-23,4.13133e-23,0.0,0.0,0.0,0.0,0.0,0.0,0.0,0.0,2.32418e-23
0.00123685,4.20367e-24,0.0,0.0,0.0,0.0,1.20534e-23,8.0356e-24,0.0,0.0,0.0,0.0,0.0,0.0,0.0,0.0,4.51721e-24
0.00125495,8.18183e-25,0.0,0.0,0.0,0.0,2.35792e-24,1.57194e-24,0.0,0.0,0.0,0.0,0.0,0.0,0.0,0.0,8.86305e-25
0.0012733,1.62095e-25,0.0,0.0,0.0,0.0,4.69657e-25,3.13105e-25,0.0,0.0,0.0,0.0,0.0,0.0,0.0,0.0,1.77799e-25
0.00129193,3.24825e-26,0.0,0.0,0.0,0.0,9.43124e-26,6.2875e-26,0.0,0.0,0.0,0.0,0.0,0.0,0.0,0.0,3.60403e-26
0.00131083,6.41088e-27,0.0,0.0,0.0,0.0,1.85513e-26,1.23675e-26,0.0,0.0,0.0,0.0,0.0,0.0,0.0,0.0,7.14817e-27
0.00133001,1.20485e-27,0.0,0.0,0.0,0.0,3.45872e-27,2.30582e-27,0.0,0.0,0.0,0.0,0.0,0.0,0.0,0.0,1.33846e-27
0.00134946,2.1104e-28,0.0,0.0,0.0,0.0,6.00499e-28,4.00332e-28,0.0,0.0,0.0,0.0,0.0,0.0,0.0,0.0,2.32311e-28
0.00136921,3.46231e-29,0.0,0.0,0.0,0.0,9.804e-29,6.536e-29,0.0,0.0,0.0,0.0,0.0,0.0,0.0,0.0,3.78301e-29
0.00138924,5.48568e-30,0.0,0.0,0.0,0.0,1.55638e-29,1.03759e-29,0.0,0.0,0.0,0.0,0.0,0.0,0.0,0.0,6.00042e-30
0.00140956,8.72467e-31,0.0,0.0,0.0,0.0,2.49368e-30,1.66245e-30,0.0,0.0,0.0,0.0,0.0,0.0,0.0,0.0,9.65349e-31
0.00143018,1.42308e-31,0.0,0.0,0.0,0.0,4.09803e-31,2.73202e-31,0.0,0.0,0.0,0.0,0.0,0.0,0.0,0.0,1.60092e-31
0.0014511,2.35108e-32,0.0,0.0,0.0,0.0,6.78068e-32,4.52046e-32,0.0,0.0,0.0,0.0,0.0,0.0,0.0,0.0,2.67726e-32
0.00147233,3.7758e-33,0.0,0.0,0.0,0.0,1.0814e-32,7.20935e-33,0.0,0.0,0.0,0.0,0.0,0.0,0.0,0.0,4.30138e-33
0.00149387,5.64612e-34,0.0,0.0,0.0,0.0,1.59782e-33,1.06522e-33,0.0,0.0,0.0,0.0,0.0,0.0,0.0,0.0,6.36452e-34
0.00151572,7.75599e-35,0.0,0.0,0.0,0.0,2.17476e-34,1.44984e-34,0.0,0.0,0.0,0.0,0.0,0.0,0.0,0.0,8.63845e-35
0.0015379,1.0075e-35,0.0,0.0,0.0,0.0,2.82519e-35,1.88346e-35,0.0,0.0,0.0,0.0,0.0,0.0,0.0,0.0,1.12026e-35
0.0015604,1.30419e-36,0.0,0.0,0.0,0.0,3.69072e-36,2.46048e-36,0.0,0.0,0.0,0.0,0.0,0.0,0.0,0.0,1.46962e-36
0.00158322,1.74317e-37,0.0,0.0,0.0,0.0,4.98484e-37,3.32323e-37,0.0,0.0,0.0,0.0,0.0,0.0,0.0,0.0,2.00581e-37
0.00160638,2.37528e-38,0.0,0.0,0.0,0.0,6.80543e-38,4.53695e-38,0.0,0.0,0.0,0.0,0.0,0.0,0.0,0.0,2.77078e-38
0.00162988,3.12267e-39,0.0,0.0,0.0,0.0,8.85603e-39,5.90402e-39,0.0,0.0,0.0,0.0,0.0,0.0,0.0,0.0,3.6296e-39
0.00165373,3.75351e-40,0.0,0.0,0.0,0.0,1.04821e-39,6.98809e-40,0.0,0.0,0.0,0.0,0.0,0.0,0.0,0.0,4.29278e-40
0.00167792,4.107e-41,0.0,0.0,0.0,0.0,1.1376e-40,7.58402e-41,0.0,0.0,0.0,0.0,0.0,0.0,0.0,0.0,4.642e-41
0.00170247,4.31399e-42,0.0,0.0,0.0,0.0,1.20232e-41,8.01547e-42,0.0,0.0,0.0,0.0,0.0,0.0,0.0,0.0,4.91189e-42
0.00172737,4.64434e-43,0.0,0.0,0.0,0.0,1.3132e-42,8.75464e-43,0.0,0.0,0.0,0.0,0.0,0.0,0.0,0.0,5.41671e-43
0.00175264,5.20151e-44,0.0,0.0,0.0,0.0,1.48205e-43,9.88031e-44,0.0,0.0,0.0,0.0,0.0,0.0,0.0,0.0,6.19653e-44
0.00177828,5.73234e-45,0.0,0.0,0.0,0.0,1.61874e-44,1.07916e-44,0.0,0.0,0.0,0.0,0.0,0.0,0.0,0.0,6.8266e-45
0.0018043,5.75989e-46,0.0,0.0,0.0,0.0,1.59576e-45,1.06384e-45,0.0,0.0,0.0,0.0,0.0,0.0,0.0,0.0,6.72589e-46
0.00183069,5.17649e-47,0.0,0.0,0.0,0.0,1.41827e-46,9.45515e-47,0.0,0.0,0.0,0.0,0.0,0.0,0.0,0.0,5.95239e-47
0.00185747,4.43251e-48,0.0,0.0,0.0,0.0,1.22438e-47,8.16254e-48,0.0,0.0,0.0,0.0,0.0,0.0,0.0,0.0,5.14977e-48
0.00188465,3.92788e-49,0.0,0.0,0.0,0.0,1.10478e-48,7.36523e-49,0.0,0.0,0.0,0.0,0.0,0.0,0.0,0.0,4.70394e-49
0.00191222,3.63657e-50,0.0,0.0,0.0,0.0,1.02903e-49,6.86023e-50,0.0,0.0,0.0,0.0,0.0,0.0,0.0,0.0,4.44533e-50
0.00194019,3.24107e-51,0.0,0.0,0.0,0.0,9.02539e-51,6.01692e-51,0.0,0.0,0.0,0.0,0.0,0.0,0.0,0.0,3.92107e-51
0.00196858,2.55602e-52,0.0,0.0,0.0,0.0,6.96166e-52,4.64111e-52,0.0,0.0,0.0,0.0,0.0,0.0,0.0,0.0,3.01217e-52
0.00199738,1.81206e-53,0.0,0.0,0.0,0.0,4.92062e-53,3.28041e-53,0.0,0.0,0.0,0.0,0.0,0.0,0.0,0.0,2.124e-53
0.00202659,1.28149e-54,0.0,0.0,0.0,0.0,3.5483e-54,2.36553e-54,0.0,0.0,0.0,0.0,0.0,0.0,0.0,0.0,1.54637e-54
0.00205624,9.65036e-56,0.0,0.0,0.0,0.0,2.71473e-55,1.80982e-55,0.0,0.0,0.0,0.0,0.0,0.0,0.0,0.0,1.20307e-55
0.00208632,7.25921e-57,0.0,0.0,0.0,0.0,2.01821e-56,1.34547e-56,0.0,0.0,0.0,0.0,0.0,0.0,0.0,0.0,9.02524e-57
0.00211684,4.84553e-58,0.0,0.0,0.0,0.0,1.31062e-57,8.73745e-58,0.0,0.0,0.0,0.0,0.0,0.0,0.0,0.0,5.83894e-58
0.00214781,2.83095e-59,0.0,0.0,0.0,0.0,7.5979e-59,5.06527e-59,0.0,0.0,0.0,0.0,0.0,0.0,0.0,0.0,3.37293e-59
0.00217923,1.62984e-60,0.0,0.0,0.0,0.0,4.47263e-60,2.98175e-60,0.0,0.0,0.0,0.0,0.0,0.0,0.0,0.0,2.00651e-60
0.00221111,1.00972e-61,0.0,0.0,0.0,0.0,2.82296e-61,1.88197e-61,0.0,0.0,5.64592e-61,0.0,0.0,0.0,0.0,0.0,1.28995e-61
0.00224346,6.22814e-63,0.0,0.0,0.0,0.0,1.71274e-62,1.14183e-62,0.0,0.0,3.42548e-62,0.0,0.0,0.0,0.0,0.0,7.88574e-63
0.00227628,3.32896e-64,0.0,0.0,0.0,0.0,8.87389e-64,5.91593e-64,0.0,0.0,1.77478e-63,0.0,0.0,0.0,0.0,0.0,4.06067e-64
0.00230958,1.56086e-65,0.0,0.0,0.0,0.0,4.16185e-65,2.77456e-65,0.0,0.0,8.32369e-65,0.0,0.0,0.0,0.0,0.0,1.90345e-65
0.00234337,7.49576e-67,0.0,0.0,0.0,0.0,2.06035e-66,1.37357e-66,0.0,0.0,4.1207e-66,0.0,0.0,0.0,0.0,0.0,9.58193e-67
0.00237765,3.8858e-68,0.0,0.0,0.0,0.0,1.07688e-67,7.17919e-68,0.0,0.0,2.15376e-67,0.0,0.0,0.0,0.0,0.0,5.09526e-68
0.00241243,1.87568e-69,0.0,0.0,0.0,0.0,5.02919e-69,3.35279e-69,0.0,0.0,1.00584e-68,0.0,0.0,0.0,0.0,0.0,2.37727e-69
0.00244772,7.55692e-71,0.0,0.0,0.0,0.0,1.98182e-70,1.32122e-70,0.0,0.0,3.96365e-70,0.0,0.0,0.0,0.0,0.0,9.30587e-71
0.00248353,2.87847e-72,0.0,0.0,0.0,0.0,7.74763e-72,5.16508e-72,0.0,0.0,1.54953e-71,0.0,0.0,0.0,0.0,0.0,3.68079e-72
0.00251986,1.20375e-73,0.0,0.0,0.0,0.0,3.3236e-73,2.21573e-73,0.0,0.0,6.6472e-73,0.0,0.0,0.0,0.0,0.0,1.61371e-73
0.00255673,4.98879e-75,0.0,0.0,0.0,0.0,1.3404e-74,8.93602e-75,0.0,0.0,2.6808e-74,0.0,0.0,0.0,0.0,0.0,6.53295e-75
0.00259413,1.71141e-76,0.0,0.0,0.0,0.0,4.44201e-76,2.96134e-76,0.0,0.0,8.88401e-76,0.0,0.0,0.0,0.0,0.0,2.14592e-76
0.00263208,5.29103e-78,0.0,0.0,0.0,0.0,1.40398e-77,9.35983e-78,0.0,0.0,2.80795e-77,0.0,0.0,0.0,0.0,0.0,6.8488e-78
0.00267058,1.79883e-79,0.0,0.0,0.0,0.0,4.93422e-79,3.28948e-79,0.0,0.0,9.86844e-79,0.0,0.0,0.0,0.0,0.0,2.46534e-79
0.00270965,6.17837e-81,0.0,0.0,0.0,0.0,1.64726e-80,1.09817e-80,0.0,0.0,3.29451e-80,0.0,0.0,0.0,0.0,0.0,8.26299e-81
0.00274929,1.73097e-82,0.0,0.0,0.0,0.0,4.44236e-82,2.96157e-82,0.0,0.0,8.88472e-82,0.0,0.0,0.0,0.0,0.0,2.20693e-82
0.00278951,4.37625e-84,0.0,0.0,0.0,0.0,1.15673e-83,7.71152e-84,0.0,0.0,2.31346e-83,0.0,0.0,0.0,0.0,0.0,5.82516e-84
0.00283032,1.23965e-85,0.0,0.0,0.0,0.0,3.37891e-85,2.25261e-85,0.0,0.0,6.75783e-85,0.0,0.0,0.0,0.0,0.0,1.74386e-85
0.00287173,3.41211e-87,0.0,0.0,0.0,0.0,8.91089e-87,5.9406e-87,0.0,0.0,1.78218e-86,0.0,0.0,0.0,0.0,0.0,4.58771e-87
0.00291374,7.44477e-89,0.0,0.0,0.0,0.0,1.89271e-88,1.2618e-88,0.0,0.0,3.78541e-88,0.0,0.0,0.0,0.0,0.0,9.67929e-89
0.00295636,1.57433e-90,0.0,0.0,0.0,0.0,4.19877e-90,2.79918e-90,0.0,0.0,8.39755e-90,0.0,0.0,0.0,0.0,0.0,2.19875e-90
0.00299961,3.76302e-92,0.0,0.0,0.0,0.0,1.00903e-91,6.72684e-92,0.0,0.0,2.01805e-91,0.0,0.0,0.0,0.0,0.0,5.37664e-92
0.00304349,7.76423e-94,0.0,0.0,0.0,0.0,1.96333e-93,1.30889e-93,0.0,0.0,3.92667e-93,0.0,0.0,0.0,0.0,0.0,1.03361e-93
0.00308802,1.30763e-95,0.0,0.0,0.0,0.0,3.35731e-95,2.23821e-95,0.0,0.0,6.71462e-95,0.0,0.0,0.0,0.0,0.0,1.78305e-95
0.00313319,2.44768e-97,0.0,0.0,0.0,0.0,6.58949e-97,4.39299e-97,0.0,0.0,1.3179e-96,0.0,0.0,0.0,0.0,0.0,3.60457e-97
0.00317903,4.60814e-99,0.0,0.0,0.0,0.0,1.1807e-98,7.87133e-99,0.0,0.0,2.3614e-98,0.0,0.0,0.0,0.0,0.0,6.43175e-99
0.00322553,6.64917e-101,0.0,0.0,0.0,0.0,1.66002e-100,1.10668e-100,0.0,0.0,3.32004e-100,0.0,0.0,0.0,0.0,0.0,8.99985e-101
0.00327272,9.62766e-103,0.0,0.0,0.0,0.0,2.55769e-102,1.70512e-102,0.0,0.0,5.11537e-102,0.0,0.0,0.0,0.0,0.0,1.43129e-102
0.0033206,1.55188e-104,0.0,0.0,0.0,0.0,4.01987e-104,2.67991e-104,0.0,0.0,8.03974e-104,0.0,0.0,0.0,0.0,0.0,2.26307e-104
0.00336918,1.94333e-106,0.0,0.0,0.0,0.0,4.77513e-106,3.18342e-106,0.0,0.0,9.55026e-106,0.0,0.0,0.0,0.0,0.0,2.65633e-106
0.00341846,2.23308e-108,0.0,0.0,0.0,0.0,5.8402e-108,3.89347e-108,0.0,0.0,1.16804e-107,0.0,0.0,0.0,0.0,0.0,3.34956e-108
0.00346847,2.98087e-110,0.0,0.0,0.0,0.0,7.73082e-110,5.15388e-110,0.0,0.0,1.54616e-109,0.0,0.0,0.0,0.0,0.0,4.4873e-110
0.00351921,3.15059e-112,0.0,0.0,0.0,0.0,7.65483e-112,5.10322e-112,0.0,0.0,1.53097e-111,0.0,0.0,0.0,0.0,0.0,4.37825e-112
0.0035707,2.93964e-114,0.0,0.0,0.0,0.0,7.61978e-114,5.07985e-114,0.0,0.0,1.52396e-113,0.0,0.0,0.0,0.0,0.0,4.49884e-114
0.00362293,3.22883e-116,0.0,0.0,0.0,0.0,8.29507e-116,5.53005e-116,0.0,0.0,1.65901e-115,0.0,0.0,0.0,0.0,0.0,4.95352e-116
0.00367593,2.76056e-118,0.0,0.0,0.0,0.0,6.63778e-118,4.42519e-118,0.0,0.0,1.32756e-117,0.0,0.0,0.0,0.0,0.0,3.90774e-118
0.00372971,2.13419e-120,0.0,0.0,0.0,0.0,5.53512e-120,3.69008e-120,0.0,0.0,1.10702e-119,0.0,0.0,0.0,0.0,0.0,3.38134e-120
0.00378427,1.9192e-122,0.0,0.0,0.0,0.0,4.81867e-122,3.21245e-122,0.0,0.0,9.63735e-122,0.0,0.0,0.0,0.0,0.0,2.95074e-122
0.00383963,1.27154e-124,0.0,0.0,0.0,0.0,3.04574e-124,2.0305e-124,0.0,0.0,6.09149e-124,0.0,0.0,0.0,0.0,0.0,1.85238e-124
0.0038958,8.42374e-127,0.0,0.0,0.0,0.0,2.19448e-126,1.46299e-126,0.0,0.0,4.38896e-126,0.0,0.0,0.0,0.0,0.0,1.3911e-126
0.0039528,5.97408e-129,0.0,0.0,0.0,0.0,1.44273e-128,9.61818e-129,0.0,0.0,2.88545e-128,0.0,0.0,0.0,0.0,0.0,9.02027e-129
0.00401062,3.02527e-131,0.0,0.0,0.0,0.0,7.376e-131,4.91733e-131,0.0,0.0,1.4752e-130,0.0,0.0,0.0,0.0,0.0,4.67896e-131
0.00406929,1.78229e-133,0.0,0.0,0.0,0.0,4.57623e-133,3.05082e-133,0.0,0.0,9.15246e-133,0.0,0.0,0.0,0.0,0.0,2.99318e-133
0.00412883,9.10213e-136,0.0,0.0,0.0,0.0,2.11876e-135,1.41251e-135,0.0,0.0,4.23752e-135,0.0,0.0,0.0,0.0,0.0,1.35609e-135
0.00418923,3.79752e-138,0.0,0.0,0.0,0.0,9.63626e-138,6.42417e-138,0.0,0.0,1.92725e-137,0.0,0.0,0.0,0.0,0.0,6.43713e-138
0.00425051,1.8921e-140,0.0,0.0,0.0,0.0,4.56852e-140,3.04568e-140,0.0,0.0,9.13704e-140,0.0,0.0,0.0,0.0,0.0,3.03537e-140
0.00431269,6.57943e-143,0.0,0.0,0.0,0.0,1.56001e-142,1.04001e-142,0.0,0.0,3.12002e-142,0.0,0.0,0.0,0.0,0.0,1.04512e-142
0.00437578,2.57994e-145,0.0,0.0,0.0,0.0,6.53728e-145,4.35819e-145,0.0,0.0,1.30746e-144,0.0,0.0,0.0,0.0,0.0,4.53276e-145
0.0044398,8.77662e-148,0.0,0.0,0.0,0.0,1.99817e-147,1.33211e-147,0.0,0.0,3.99634e-147,0.0,0.0,0.0,0.0,0.0,1.35451e-147
0.00450475,2.50497e-150,0.0,0.0,0.0,0.0,6.33859e-150,4.22573e-150,0.0,0.0,1.26772e-149,0.0,0.0,0.0,0.0,0.0,4.51882e-150
0.00457065,8.1435e-153,0.0,0.0,0.0,0.0,1.87493e-152,1.24995e-152,0.0,0.0,3.74985e-152,0.0,0.0,0.0,0.0,0.0,1.30881e-152
0.00463751,1.82637e-155,0.0,0.0,0.0,0.0,4.43057e-155,2.95371e-155,0.0,0.0,8.86113e-155,0.0,0.0,0.0,0.0,0.0,3.20581e-155
0.00470536,5.07812e-158,0.0,0.0,0.0,0.0,1.20957e-157,8.06382e-158,0.0,0.0,2.41915e-157,2.41915e-157,0.0,0.0,0.0,0.0,8.77407e-158
0.00477419,9.8289e-161,0.0,0.0,0.0,0.0,2.27196e-160,1.51464e-160,0.0,0.0,4.54391e-160,4.54391e-160,0.0,0.0,0.0,0.0,1.66481e-160
0.00484403,2.16183e-163,0.0,0.0,0.0,0.0,5.29036e-163,3.52691e-163,0.0,0.0,1.05807e-162,1.05807e-162,0.0,0.0,0.0,0.0,3.98602e-163
0.0049149,3.74477e-166,0.0,0.0,0.0,0.0,8.36007e-166,5.57338e-166,0.0,0.0,1.67201e-165,1.67201e-165,0.0,0.0,0.0,0.0,6.23133e-166
0.0049868,6.39592e-169,0.0,0.0,0.0,0.0,1.58251e-168,1.05501e-168,0.0,0.0,3.16503e-168,3.16503e-168,0.0,0.0,0.0,0.0,1.23371e-168
0.00505975,9.78988e-172,0.0,0.0,0.0,0.0,2.14098e-171,1.42732e-171,0.0,0.0,4.28196e-171,4.28196e-171,0.0,0.0,0.0,0.0,1.63188e-171
0.00513377,1.31754e-174,0.0,0.0,0.0,0.0,3.25823e-174,2.17216e-174,0.0,0.0,6.51647e-174,6.51647e-174,0.0,0.0,0.0,0.0,2.62032e-174
0.00520887,1.72666e-177,0.0,0.0,0.0,0.0,3.72689e-177,2.4846e-177,0.0,0.0,7.45379e-177,7.45379e-177,0.0,0.0,0.0,0.0,2.91574e-177
0.00528508,1.87254e-180,0.0,0.0,0.0,0.0,4.60558e-180,3.07039e-180,0.0,0.0,9.21117e-180,9.21117e-180,0.0,0.0,0.0,0.0,3.81566e-180
0.00536239,2.03178e-183,0.0,0.0,0.0,0.0,4.33906e-183,2.89271e-183,0.0,0.0,8.67812e-183,8.67812e-183,0.0,0.0,0.0,0.0,3.4935e-183
0.00544084,1.81482e-186,0.0,0.0,0.0,0.0,4.42856e-186,2.95238e-186,0.0,0.0,8.85713e-186,8.85713e-186,0.0,0.0,0.0,0.0,3.77589e-186
0.00552043,1.57631e-189,0.0,0.0,0.0,0.0,3.34106e-189,2.22737e-189,0.0,0.0,6.68212e-189,6.68212e-189,0.0,0.0,0.0,0.0,2.77749e-189
0.00560119,1.18677e-192,0.0,0.0,0.0,0.0,2.85432e-192,1.90288e-192,0.0,0.0,5.70863e-192,5.70863e-192,0.0,0.0,0.0,0.0,2.49771e-192
0.00568313,7.95995e-196,0.0,0.0,0.0,0.0,1.69276e-195,1.12851e-195,0.0,0.0,3.38552e-195,3.38552e-195,0.0,0.0,0.0,0.0,1.46178e-195
0.00576627,5.169e-199,0.0,0.0,0.0,0.0,1.20415e-198,8.02766e-199,0.0,0.0,2.4083e-198,2.4083e-198,0.0,0.0,0.0,0.0,1.07515e-198
0.00585063,2.59934e-202,0.0,0.0,0.0,0.0,5.67414e-202,3.78276e-202,0.0,0.0,1.13483e-201,1.13483e-201,0.0,0.0,0.0,0.0,5.13387e-202
0.00593622,1.46055e-205,0.0,0.0,0.0,0.0,3.20889e-205,2.13926e-205,0.0,0.0,6.41778e-205,6.41778e-205,0.0,0.0,0.0,0.0,2.90556e-205
0.00602306,5.55754e-209,0.0,0.0,0.0,0.0,1.27424e-208,8.49492e-209,0.0,0.0,2.54848e-208,2.54848e-208,0.0,0.0,0.0,0.0,1.2134e-208
0.00611117,2.55021e-212,0.0,0.0,0.0,0.0,5.23267e-212,3.48845e-212,0.0,0.0,1.04653e-211,1.04653e-211,0.0,0.0,0.0,0.0,4.82707e-212
0.00620057,7.99858e-216,0.0,0.0,0.0,0.0,1.89279e-215,1.26186e-215,0.0,0.0,3.78558e-215,3.78558e-215,0.0,0.0,0.0,0.0,1.87198e-215
0.00629128,2.6336e-219,0.0,0.0,0.0,0.0,5.32461e-219,3.54974e-219,0.0,0.0,1.06492e-218,1.06492e-218,0.0,0.0,0.0,0.0,5.13779e-219
0.00638332,7.63355e-223,0.0,0.0,0.0,0.0,1.70672e-222,1.13781e-222,0.0,0.0,3.41344e-222,3.41344e-222,0.0,0.0,0.0,0.0,1.70076e-222
0.0064767,1.67799e-226,0.0,0.0,0.0,0.0,3.68527e-226,2.45685e-226,0.0,0.0,7.37054e-226,7.37054e-226,0.0,0.0,0.0,0.0,3.81623e-226
0.00657145,4.25525e-230,0.0,0.0,0.0,0.0,8.4624e-230,5.6416e-230,0.0,0.0,1.69248e-229,1.69248e-229,0.0,0.0,0.0,0.0,8.49472e-230
0.00666759,7.44703e-234,0.0,0.0,0.0,0.0,1.72347e-233,1.14898e-233,0.0,0.0,3.44694e-233,3.44694e-233,0.0,0.0,0.0,0.0,1.85481e-233
0.00676513,1.26267e-237,0.0,0.0,0.0,0.0,2.56139e-237,1.7076e-237,0.0,0.0,5.12279e-237,5.12279e-237,0.0,0.0,0.0,0.0,2.75006e-237
0.0068641,2.12722e-241,0.0,0.0,0.0,0.0,4.31134e-241,2.87423e-241,0.0,0.0,8.62269e-241,8.62269e-241,0.0,0.0,0.0,0.0,4.59169e-241
0.00696451,2.46129e-245,0.0,0.0,0.0,0.0,5.62784e-245,3.75189e-245,0.0,0.0,1.12557e-244,1.12557e-244,0.0,0.0,0.0,0.0,6.45049e-245
0.0070664,2.971e-249,0.0,0.0,0.0,0.0,5.81616e-249,3.87744e-249,0.0,0.0,1.16323e-248,1.16323e-248,0.0,0.0,0.0,0.0,6.57461e-249
0.00716977,3.3156e-253,0.0,0.0,0.0,0.0,6.61919e-253,4.41279e-253,0.0,0.0,1.32384e-252,1.32384e-252,0.0,0.0,0.0,0.0,7.45855e-253
0.00727466,2.59737e-257,0.0,0.0,0.0,0.0,5.86666e-257,3.91111e-257,0.0,0.0,1.17333e-256,1.17333e-256,0.0,0.0,0.0,0.0,7.1186e-257
0.00738108,2.03622e-261,0.0,0.0,0.0,0.0,4.01192e-261,2.67461e-261,0.0,0.0,8.02384e-261,8.02384e-261,0.0,0.0,0.0,0.0,4.87252e-261
0.00748906,1.54333e-265,0.0,0.0,0.0,0.0,2.9041e-265,1.93607e-265,0.0,0.0,5.8082e-265,5.8082e-265,0.0,0.0,0.0,0.0,3.45168e-265
0.00759862,8.37358e-270,0.0,0.0,0.0,0.0,1.82492e-269,1.21661e-269,0.0,0.0,3.64984e-269,3.64984e-269,0.0,0.0,0.0,0.0,2.30837e-269
0.00770978,3.94642e-274,0.0,0.0,0.0,0.0,8.31309e-274,5.54206e-274,0.0,0.0,1.66262e-273,1.66262e-273,0.0,0.0,0.0,0.0,1.10078e-273
0.00782257,1.91885e-278,0.0,0.0,0.0,0.0,3.48671e-278,2.32447e-278,0.0,0.0,6.97342e-278,6.97342e-278,0.0,0.0,0.0,0.0,4.49689e-278
0.00793701,7.68666e-283,0.0,0.0,0.0,0.0,1.46217e-282,9.74781e-283,0.0,0.0,2.92434e-282,2.92434e-282,0.0,0.0,0.0,0.0,1.89397e-282
0.00805312,2.28473e-287,0.0,0.0,0.0,0.0,4.93556e-287,3.29037e-287,0.0,0.0,9.87112e-287,9.87112e-287,0.0,0.0,0.0,0.0,6.84296e-287
0.00817093,6.08799e-292,0.0,0.0,0.0,0.0,1.258e-291,8.3867e-292,0.0,0.0,2.51601e-291,2.51601e-291,0.0,0.0,0.0,0.0,1.82352e-291
0.00829046,1.58981e-296,0.0,0.0,0.0,0.0,2.8546e-296,1.90282e-296,0.0,0.0,5.70845e-296,5.70845e-296,0.0,0.0,0.0,0.0,4.0751e-296
0.00841174,0.0,0.0,0.0,0.0,0.0,0.0,0.0,0.0,0.0,0.0,0.0,0.0,0.0,0.0,0.0,0.0
0.0085348,0.0,0.0,0.0,0.0,0.0,0.0,0.0,0.0,0.0,0.0,0.0,0.0,0.0,0.0,0.0,0.0
0.00865966,0.0,0.0,0.0,0.0,0.0,0.0,0.0,0.0,0.0,0.0,0.0,0.0,0.0,0.0,0.0,0.0
0.00878634,0.0,0.0,0.0,0.0,0.0,0.0,0.0,0.0,0.0,0.0,0.0,0.0,0.0,0.0,0.0,0.0
0.00891488,0.0,0.0,0.0,0.0,0.0,0.0,0.0,0.0,0.0,0.0,0.0,0.0,0.0,0.0,0.0,0.0
0.00904529,0.0,0.0,0.0,0.0,0.0,0.0,0.0,0.0,0.0,0.0,0.0,0.0,0.0,0.0,0.0,0.0
0.00917762,0.0,0.0,0.0,0.0,0.0,0.0,0.0,0.0,0.0,0.0,0.0,0.0,0.0,0.0,0.0,0.0
0.00931188,0.0,0.0,0.0,0.0,0.0,0.0,0.0,0.0,0.0,0.0,0.0,0.0,0.0,0.0,0.0,0.0
0.00944811,0.0,0.0,0.0,0.0,0.0,0.0,0.0,0.0,0.0,0.0,0.0,0.0,0.0,0.0,0.0,0.0
0.00958632,0.0,0.0,0.0,0.0,0.0,0.0,0.0,0.0,0.0,0.0,0.0,0.0,0.0,0.0,0.0,0.0
0.00972656,0.0,0.0,0.0,0.0,0.0,0.0,0.0,0.0,0.0,0.0,0.0,0.0,0.0,0.0,0.0,0.0
0.00986885,0.0,0.0,0.0,0.0,0.0,0.0,0.0,0.0,0.0,0.0,0.0,0.0,0.0,0.0,0.0,0.0
0.0100132,0.0,0.0,0.0,0.0,0.0,0.0,0.0,0.0,0.0,0.0,0.0,0.0,0.0,0.0,0.0,0.0
0.0101597,0.0,0.0,0.0,0.0,0.0,0.0,0.0,0.0,0.0,0.0,0.0,0.0,0.0,0.0,0.0,0.0
0.0103083,0.0,0.0,0.0,0.0,0.0,0.0,0.0,0.0,0.0,0.0,0.0,0.0,0.0,0.0,0.0,0.0
0.0104591,0.0,0.0,0.0,0.0,0.0,0.0,0.0,0.0,0.0,0.0,0.0,0.0,0.0,0.0,0.0,0.0
0.0106122,0.0,0.0,0.0,0.0,0.0,0.0,0.0,0.0,0.0,0.0,0.0,0.0,0.0,0.0,0.0,0.0
0.0107674,0.0,0.0,0.0,0.0,0.0,0.0,0.0,0.0,0.0,0.0,0.0,0.0,0.0,0.0,0.0,0.0
0.0109249,0.0,0.0,0.0,0.0,0.0,0.0,0.0,0.0,0.0,0.0,0.0,0.0,0.0,0.0,0.0,0.0
0.0110847,0.0,0.0,0.0,0.0,0.0,0.0,0.0,0.0,0.0,0.0,0.0,0.0,0.0,0.0,0.0,0.0
0.0112469,0.0,0.0,0.0,0.0,0.0,0.0,0.0,0.0,0.0,0.0,0.0,0.0,0.0,0.0,0.0,0.0
0.0114114,0.0,0.0,0.0,0.0,0.0,0.0,0.0,0.0,0.0,0.0,0.0,0.0,0.0,0.0,0.0,0.0
0.0115784,0.0,0.0,0.0,0.0,0.0,0.0,0.0,0.0,0.0,0.0,0.0,0.0,0.0,0.0,0.0,0.0
0.0117478,0.0,0.0,0.0,0.0,0.0,0.0,0.0,0.0,0.0,0.0,0.0,0.0,0.0,0.0,0.0,0.0
0.0119196,0.0,0.0,0.0,0.0,0.0,0.0,0.0,0.0,0.0,0.0,0.0,0.0,0.0,0.0,0.0,0.0
0.012094,0.0,0.0,0.0,0.0,0.0,0.0,0.0,0.0,0.0,0.0,0.0,0.0,0.0,0.0,0.0,0.0
0.0122709,0.0,0.0,0.0,0.0,0.0,0.0,0.0,0.0,0.0,0.0,0.0,0.0,0.0,0.0,0.0,0.0
0.0124504,0.0,0.0,0.0,0.0,0.0,0.0,0.0,0.0,0.0,0.0,0.0,0.0,0.0,0.0,0.0,0.0
0.0126326,0.0,0.0,0.0,0.0,0.0,0.0,0.0,0.0,0.0,0.0,0.0,0.0,0.0,0.0,0.0,0.0
0.0128174,0.0,0.0,0.0,0.0,0.0,0.0,0.0,0.0,0.0,0.0,0.0,0.0,0.0,0.0,0.0,0.0
0.0130049,0.0,0.0,0.0,0.0,0.0,0.0,0.0,0.0,0.0,0.0,0.0,0.0,0.0,0.0,0.0,0.0
0.0131951,0.0,0.0,0.0,0.0,0.0,0.0,0.0,0.0,0.0,0.0,0.0,0.0,0.0,0.0,0.0,0.0
0.0133882,0.0,0.0,0.0,0.0,0.0,0.0,0.0,0.0,0.0,0.0,0.0,0.0,0.0,0.0,0.0,0.0
0.013584,0.0,0.0,0.0,0.0,0.0,0.0,0.0,0.0,0.0,0.0,0.0,0.0,0.0,0.0,0.0,0.0
0.0137827,0.0,0.0,0.0,0.0,0.0,0.0,0.0,0.0,0.0,0.0,0.0,0.0,0.0,0.0,0.0,0.0
0.0139844,0.0,0.0,0.0,0.0,0.0,0.0,0.0,0.0,0.0,0.0,0.0,0.0,0.0,0.0,0.0,0.0
0.0141889,0.0,0.0,0.0,0.0,0.0,0.0,0.0,0.0,0.0,0.0,0.0,0.0,0.0,0.0,0.0,0.0
0.0143965,0.0,0.0,0.0,0.0,0.0,0.0,0.0,0.0,0.0,0.0,0.0,0.0,0.0,0.0,0.0,0.0
0.0146071,0.0,0.0,0.0,0.0,0.0,0.0,0.0,0.0,0.0,0.0,0.0,0.0,0.0,0.0,0.0,0.0
0.0148208,0.0,0.0,0.0,0.0,0.0,0.0,0.0,0.0,0.0,0.0,0.0,0.0,0.0,0.0,0.0,0.0
0.0150376,0.0,0.0,0.0,0.0,0.0,0.0,0.0,0.0,0.0,0.0,0.0,0.0,0.0,0.0,0.0,0.0
0.0152576,0.0,0.0,0.0,0.0,0.0,0.0,0.0,0.0,0.0,0.0,0.0,0.0,0.0,0.0,0.0,0.0
0.0154808,0.0,0.0,0.0,0.0,0.0,0.0,0.0,0.0,0.0,0.0,0.0,0.0,0.0,0.0,0.0,0.0
0.0157073,0.0,0.0,0.0,0.0,0.0,0.0,0.0,0.0,0.0,0.0,0.0,0.0,0.0,0.0,0.0,0.0
0.0159371,0.0,0.0,0.0,0.0,0.0,0.0,0.0,0.0,0.0,0.0,0.0,0.0,0.0,0.0,0.0,0.0
0.0161702,0.0,0.0,0.0,0.0,0.0,0.0,0.0,0.0,0.0,0.0,0.0,0.0,0.0,0.0,0.0,0.0
0.0164068,0.0,0.0,0.0,0.0,0.0,0.0,0.0,0.0,0.0,0.0,0.0,0.0,0.0,0.0,0.0,0.0
0.0166468,0.0,0.0,0.0,0.0,0.0,0.0,0.0,0.0,0.0,0.0,0.0,0.0,0.0,0.0,0.0,0.0
0.0168903,0.0,0.0,0.0,0.0,0.0,0.0,0.0,0.0,0.0,0.0,0.0,0.0,0.0,0.0,0.0,0.0
0.0171374,0.0,0.0,0.0,0.0,0.0,0.0,0.0,0.0,0.0,0.0,0.0,0.0,0.0,0.0,0.0,0.0
0.0173881,0.0,0.0,0.0,0.0,0.0,0.0,0.0,0.0,0.0,0.0,0.0,0.0,0.0,0.0,0.0,0.0
0.0176425,0.0,0.0,0.0,0.0,0.0,0.0,0.0,0.0,0.0,0.0,0.0,0.0,0.0,0.0,0.0,0.0
0.0179006,0.0,0.0,0.0,0.0,0.0,0.0,0.0,0.0,0.0,0.0,0.0,0.0,0.0,0.0,0.0,0.0
0.0181625,0.0,0.0,0.0,0.0,0.0,0.0,0.0,0.0,0.0,0.0,0.0,0.0,0.0,0.0,0.0,0.0
0.0184282,0.0,0.0,0.0,0.0,0.0,0.0,0.0,0.0,0.0,0.0,0.0,0.0,0.0,0.0,0.0,0.0
0.0186978,0.0,0.0,0.0,0.0,0.0,0.0,0.0,0.0,0.0,0.0,0.0,0.0,0.0,0.0,0.0,0.0
0.0189713,0.0,0.0,0.0,0.0,0.0,0.0,0.0,0.0,0.0,0.0,0.0,0.0,0.0,0.0,0.0,0.0
0.0192488,0.0,0.0,0.0,0.0,0.0,0.0,0.0,0.0,0.0,0.0,0.0,0.0,0.0,0.0,0.0,0.0
0.0195304,0.0,0.0,0.0,0.0,0.0,0.0,0.0,0.0,0.0,0.0,0.0,0.0,0.0,0.0,0.0,0.0
0.0198161,0.0,0.0,0.0,0.0,0.0,0.0,0.0,0.0,0.0,0.0,0.0,0.0,0.0,0.0,0.0,0.0
0.020106,0.0,0.0,0.0,0.0,0.0,0.0,0.0,0.0,0.0,0.0,0.0,0.0,0.0,0.0,0.0,0.0
0.0204002,0.0,0.0,0.0,0.0,0.0,0.0,0.0,0.0,0.0,0.0,0.0,0.0,0.0,0.0,0.0,0.0
0.0206986,0.0,0.0,0.0,0.0,0.0,0.0,0.0,0.0,0.0,0.0,0.0,0.0,0.0,0.0,0.0,0.0
0.0210014,0.0,0.0,0.0,0.0,0.0,0.0,0.0,0.0,0.0,0.0,0.0,0.0,0.0,0.0,0.0,0.0
0.0213086,0.0,0.0,0.0,0.0,0.0,0.0,0.0,0.0,0.0,0.0,0.0,0.0,0.0,0.0,0.0,0.0
0.0216204,0.0,0.0,0.0,0.0,0.0,0.0,0.0,0.0,0.0,0.0,0.0,0.0,0.0,0.0,0.0,0.0
0.0219366,0.0,0.0,0.0,0.0,0.0,0.0,0.0,0.0,0.0,0.0,0.0,0.0,0.0,0.0,0.0,0.0
0.0222576,0.0,0.0,0.0,0.0,0.0,0.0,0.0,0.0,0.0,0.0,0.0,0.0,0.0,0.0,0.0,0.0
0.0225832,0.0,0.0,0.0,0.0,0.0,0.0,0.0,0.0,0.0,0.0,0.0,0.0,0.0,0.0,0.0,0.0
0.0229135,0.0,0.0,0.0,0.0,0.0,0.0,0.0,0.0,0.0,0.0,0.0,0.0,0.0,0.0,0.0,0.0
0.0232488,0.0,0.0,0.0,0.0,0.0,0.0,0.0,0.0,0.0,0.0,0.0,0.0,0.0,0.0,0.0,0.0
0.0235889,0.0,0.0,0.0,0.0,0.0,0.0,0.0,0.0,0.0,0.0,0.0,0.0,0.0,0.0,0.0,0.0
0.0239339,0.0,0.0,0.0,0.0,0.0,0.0,0.0,0.0,0.0,0.0,0.0,0.0,0.0,0.0,0.0,0.0
0.0242841,0.0,0.0,0.0,0.0,0.0,0.0,0.0,0.0,0.0,0.0,0.0,0.0,0.0,0.0,0.0,0.0
0.0246393,0.0,0.0,0.0,0.0,0.0,0.0,0.0,0.0,0.0,0.0,0.0,0.0,0.0,0.0,0.0,0.0
0.0249998,0.0,0.0,0.0,0.0,0.0,0.0,0.0,0.0,0.0,0.0,0.0,0.0,0.0,0.0,0.0,0.0
0.0253655,0.0,0.0,0.0,0.0,0.0,0.0,0.0,0.0,0.0,0.0,0.0,0.0,0.0,0.0,0.0,0.0
0.0257366,0.0,0.0,0.0,0.0,0.0,0.0,0.0,0.0,0.0,0.0,0.0,0.0,0.0,0.0,0.0,0.0
0.0261131,0.0,0.0,0.0,0.0,0.0,0.0,0.0,0.0,0.0,0.0,0.0,0.0,0.0,0.0,0.0,0.0
0.0264951,0.0,0.0,0.0,0.0,0.0,0.0,0.0,0.0,0.0,0.0,0.0,0.0,0.0,0.0,0.0,0.0
0.0268827,0.0,0.0,0.0,0.0,0.0,0.0,0.0,0.0,0.0,0.0,0.0,0.0,0.0,0.0,0.0,0.0
0.027276,0.0,0.0,0.0,0.0,0.0,0.0,0.0,0.0,0.0,0.0,0.0,0.0,0.0,0.0,0.0,0.0
0.027675,0.0,0.0,0.0,0.0,0.0,0.0,0.0,0.0,0.0,0.0,0.0,0.0,0.0,0.0,0.0,0.0
0.0280799,0.0,0.0,0.0,0.0,0.0,0.0,0.0,0.0,0.0,0.0,0.0,0.0,0.0,0.0,0.0,0.0
0.0284906,0.0,0.0,0.0,0.0,0.0,0.0,0.0,0.0,0.0,0.0,0.0,0.0,0.0,0.0,0.0,0.0
0.0289074,0.0,0.0,0.0,0.0,0.0,0.0,0.0,0.0,0.0,0.0,0.0,0.0,0.0,0.0,0.0,0.0
0.0293303,0.0,0.0,0.0,0.0,0.0,0.0,0.0,0.0,0.0,0.0,0.0,0.0,0.0,0.0,0.0,0.0
0.0297594,0.0,0.0,0.0,0.0,0.0,0.0,0.0,0.0,0.0,0.0,0.0,0.0,0.0,0.0,0.0,0.0
0.0301948,0.0,0.0,0.0,0.0,0.0,0.0,0.0,0.0,0.0,0.0,0.0,0.0,0.0,0.0,0.0,0.0
0.0306365,0.0,0.0,0.0,0.0,0.0,0.0,0.0,0.0,0.0,0.0,0.0,0.0,0.0,0.0,0.0,0.0
0.0310847,0.0,0.0,0.0,0.0,0.0,0.0,0.0,0.0,0.0,0.0,0.0,0.0,0.0,0.0,0.0,0.0
0.0315394,0.0,0.0,0.0,0.0,0.0,0.0,0.0,0.0,0.0,0.0,0.0,0.0,0.0,0.0,0.0,0.0
0.0320008,0.0,0.0,0.0,0.0,0.0,0.0,0.0,0.0,0.0,0.0,0.0,0.0,0.0,0.0,0.0,0.0
0.032469,0.0,0.0,0.0,0.0,0.0,0.0,0.0,0.0,0.0,0.0,0.0,0.0,0.0,0.0,0.0,0.0
0.032944,0.0,0.0,0.0,0.0,0.0,0.0,0.0,0.0,0.0,0.0,0.0,0.0,0.0,0.0,0.0,0.0
0.0334259,0.0,0.0,0.0,0.0,0.0,0.0,0.0,0.0,0.0,0.0,0.0,0.0,0.0,0.0,0.0,0.0
0.0339149,0.0,0.0,0.0,0.0,0.0,0.0,0.0,0.0,0.0,0.0,0.0,0.0,0.0,0.0,0.0,0.0
0.034411,0.0,0.0,0.0,0.0,0.0,0.0,0.0,0.0,0.0,0.0,0.0,0.0,0.0,0.0,0.0,0.0
0.0349144,0.0,0.0,0.0,0.0,0.0,0.0,0.0,0.0,0.0,0.0,0.0,0.0,0.0,0.0,0.0,0.0
0.0354252,0.0,0.0,0.0,0.0,0.0,0.0,0.0,0.0,0.0,0.0,0.0,0.0,0.0,0.0,0.0,0.0
0.0359434,0.0,0.0,0.0,0.0,0.0,0.0,0.0,0.0,0.0,0.0,0.0,0.0,0.0,0.0,0.0,0.0
0.0364693,0.0,0.0,0.0,0.0,0.0,0.0,0.0,0.0,0.0,0.0,0.0,0.0,0.0,0.0,0.0,0.0
0.0370028,0.0,0.0,0.0,0.0,0.0,0.0,0.0,0.0,0.0,0.0,0.0,0.0,0.0,0.0,0.0,0.0
0.0375441,0.0,0.0,0.0,0.0,0.0,0.0,0.0,0.0,0.0,0.0,0.0,0.0,0.0,0.0,0.0,0.0
0.0380933,0.0,0.0,0.0,0.0,0.0,0.0,0.0,0.0,0.0,0.0,0.0,0.0,0.0,0.0,0.0,0.0
0.0386506,0.0,0.0,0.0,0.0,0.0,0.0,0.0,0.0,0.0,0.0,0.0,0.0,0.0,0.0,0.0,0.0
0.039216,0.0,0.0,0.0,0.0,0.0,0.0,0.0,0.0,0.0,0.0,0.0,0.0,0.0,0.0,0.0,0.0
0.0397897,0.0,0.0,0.0,0.0,0.0,0.0,0.0,0.0,0.0,0.0,0.0,0.0,0.0,0.0,0.0,0.0
0.0403718,0.0,0.0,0.0,0.0,0.0,0.0,0.0,0.0,0.0,0.0,0.0,0.0,0.0,0.0,0.0,0.0
0.0409624,0.0,0.0,0.0,0.0,0.0,0.0,0.0,0.0,0.0,0.0,0.0,0.0,0.0,0.0,0.0,0.0
0.0415617,0.0,0.0,0.0,0.0,0.0,0.0,0.0,0.0,0.0,0.0,0.0,0.0,0.0,0.0,0.0,0.0
0.0421697,0.0,0.0,0.0,0.0,0.0,0.0,0.0,0.0,0.0,0.0,0.0,0.0,0.0,0.0,0.0,0.0
0.0427866,0.0,0.0,0.0,0.0,0.0,0.0,0.0,0.0,0.0,0.0,0.0,0.0,0.0,0.0,0.0,0.0
0.0434125,0.0,0.0,0.0,0.0,0.0,0.0,0.0,0.0,0.0,0.0,0.0,0.0,0.0,0.0,0.0,0.0
0.0440476,0.0,0.0,0.0,0.0,0.0,0.0,0.0,0.0,0.0,0.0,0.0,0.0,0.0,0.0,0.0,0.0
0.044692,0.0,0.0,0.0,0.0,0.0,0.0,0.0,0.0,0.0,0.0,0.0,0.0,0.0,0.0,0.0,0.0
0.0453458,0.0,0.0,0.0,0.0,0.0,0.0,0.0,0.0,0.0,0.0,0.0,0.0,0.0,0.0,0.0,0.0
0.0460092,0.0,0.0,0.0,0.0,0.0,0.0,0.0,0.0,0.0,0.0,0.0,0.0,0.0,0.0,0.0,0.0
0.0466823,0.0,0.0,0.0,0.0,0.0,0.0,0.0,0.0,0.0,0.0,0.0,0.0,0.0,0.0,0.0,0.0
0.0473652,0.0,0.0,0.0,0.0,0.0,0.0,0.0,0.0,0.0,0.0,0.0,0.0,0.0,0.0,0.0,0.0
0.0480581,0.0,0.0,0.0,0.0,0.0,0.0,0.0,0.0,0.0,0.0,0.0,0.0,0.0,0.0,0.0,0.0
0.0487611,0.0,0.0,0.0,0.0,0.0,0.0,0.0,0.0,0.0,0.0,0.0,0.0,0.0,0.0,0.0,0.0
0.0494745,0.0,0.0,0.0,0.0,0.0,0.0,0.0,0.0,0.0,0.0,0.0,0.0,0.0,0.0,0.0,0.0
0.0501982,0.0,0.0,0.0,0.0,0.0,0.0,0.0,0.0,0.0,0.0,0.0,0.0,0.0,0.0,0.0,0.0
0.0509326,0.0,0.0,0.0,0.0,0.0,0.0,0.0,0.0,0.0,0.0,0.0,0.0,0.0,0.0,0.0,0.0
0.0516777,0.0,0.0,0.0,0.0,0.0,0.0,0.0,0.0,0.0,0.0,0.0,0.0,0.0,0.0,0.0,0.0
0.0524337,0.0,0.0,0.0,0.0,0.0,0.0,0.0,0.0,0.0,0.0,0.0,0.0,0.0,0.0,0.0,0.0
0.0532008,0.0,0.0,0.0,0.0,0.0,0.0,0.0,0.0,0.0,0.0,0.0,0.0,0.0,0.0,0.0,0.0
0.053979,0.0,0.0,0.0,0.0,0.0,0.0,0.0,0.0,0.0,0.0,0.0,0.0,0.0,0.0,0.0,0.0
0.0547687,0.0,0.0,0.0,0.0,0.0,0.0,0.0,0.0,0.0,0.0,0.0,0.0,0.0,0.0,0.0,0.0
0.0555699,0.0,0.0,0.0,0.0,0.0,0.0,0.0,0.0,0.0,0.0,0.0,0.0,0.0,0.0,0.0,0.0
0.0563829,0.0,0.0,0.0,0.0,0.0,0.0,0.0,0.0,0.0,0.0,0.0,0.0,0.0,0.0,0.0,0.0
0.0572077,0.0,0.0,0.0,0.0,0.0,0.0,0.0,0.0,0.0,0.0,0.0,0.0,0.0,0.0,0.0,0.0
0.0580446,0.0,0.0,0.0,0.0,0.0,0.0,0.0,0.0,0.0,0.0,0.0,0.0,0.0,0.0,0.0,0.0
0.0588938,0.0,0.0,0.0,0.0,0.0,0.0,0.0,0.0,0.0,0.0,0.0,0.0,0.0,0.0,0.0,0.0
0.0597553,0.0,0.0,0.0,0.0,0.0,0.0,0.0,0.0,0.0,0.0,0.0,0.0,0.0,0.0,0.0,0.0
0.0606295,0.0,0.0,0.0,0.0,0.0,0.0,0.0,0.0,0.0,0.0,0.0,0.0,0.0,0.0,0.0,0.0
0.0615164,0.0,0.0,0.0,0.0,0.0,0.0,0.0,0.0,0.0,0.0,0.0,0.0,0.0,0.0,0.0,0.0
0.0624164,0.0,0.0,0.0,0.0,0.0,0.0,0.0,0.0,0.0,0.0,0.0,0.0,0.0,0.0,0.0,0.0
0.0633295,0.0,0.0,0.0,0.0,0.0,0.0,0.0,0.0,0.0,0.0,0.0,0.0,0.0,0.0,0.0,0.0
0.0642559,0.0,0.0,0.0,0.0,0.0,0.0,0.0,0.0,0.0,0.0,0.0,0.0,0.0,0.0,0.0,0.0
0.0651959,0.0,0.0,0.0,0.0,0.0,0.0,0.0,0.0,0.0,0.0,0.0,0.0,0.0,0.0,0.0,0.0
0.0661497,0.0,0.0,0.0,0.0,0.0,0.0,0.0,0.0,0.0,0.0,0.0,0.0,0.0,0.0,0.0,0.0
0.0671174,0.0,0.0,0.0,0.0,0.0,0.0,0.0,0.0,0.0,0.0,0.0,0.0,0.0,0.0,0.0,0.0
0.0680993,0.0,0.0,0.0,0.0,0.0,0.0,0.0,0.0,0.0,0.0,0.0,0.0,0.0,0.0,0.0,0.0
0.0690955,0.0,0.0,0.0,0.0,0.0,0.0,0.0,0.0,0.0,0.0,0.0,0.0,0.0,0.0,0.0,0.0
0.0701063,0.0,0.0,0.0,0.0,0.0,0.0,0.0,0.0,0.0,0.0,0.0,0.0,0.0,0.0,0.0,0.0
0.0711319,0.0,0.0,0.0,0.0,0.0,0.0,0.0,0.0,0.0,0.0,0.0,0.0,0.0,0.0,0.0,0.0
0.0721725,0.0,0.0,0.0,0.0,0.0,0.0,0.0,0.0,0.0,0.0,0.0,0.0,0.0,0.0,0.0,0.0
0.0732284,0.0,0.0,0.0,0.0,0.0,0.0,0.0,0.0,0.0,0.0,0.0,0.0,0.0,0.0,0.0,0.0
0.0742996,0.0,0.0,0.0,0.0,0.0,0.0,0.0,0.0,0.0,0.0,0.0,0.0,0.0,0.0,0.0,0.0
0.0753866,0.0,0.0,0.0,0.0,0.0,0.0,0.0,0.0,0.0,0.0,0.0,0.0,0.0,0.0,0.0,0.0
0.0764894,0.0,0.0,0.0,0.0,0.0,0.0,0.0,0.0,0.0,0.0,0.0,0.0,0.0,0.0,0.0,0.0
0.0776084,0.0,0.0,0.0,0.0,0.0,0.0,0.0,0.0,0.0,0.0,0.0,0.0,0.0,0.0,0.0,0.0
0.0787437,0.0,0.0,0.0,0.0,0.0,0.0,0.0,0.0,0.0,0.0,0.0,0.0,0.0,0.0,0.0,0.0
0.0798957,0.0,0.0,0.0,0.0,0.0,0.0,0.0,0.0,0.0,0.0,0.0,0.0,0.0,0.0,0.0,0.0
0.0810645,0.0,0.0,0.0,0.0,0.0,0.0,0.0,0.0,0.0,0.0,0.0,0.0,0.0,0.0,0.0,0.0
0.0822504,0.0,0.0,0.0,0.0,0.0,0.0,0.0,0.0,0.0,0.0,0.0,0.0,0.0,0.0,0.0,0.0
0.0834536,0.0,0.0,0.0,0.0,0.0,0.0,0.0,0.0,0.0,0.0,0.0,0.0,0.0,0.0,0.0,0.0
0.0846745,0.0,0.0,0.0,0.0,0.0,0.0,0.0,0.0,0.0,0.0,0.0,0.0,0.0,0.0,0.0,0.0
0.0859132,0.0,0.0,0.0,0.0,0.0,0.0,0.0,0.0,0.0,0.0,0.0,0.0,0.0,0.0,0.0,0.0
0.0871701,0.0,0.0,0.0,0.0,0.0,0.0,0.0,0.0,0.0,0.0,0.0,0.0,0.0,0.0,0.0,0.0
0.0884453,0.0,0.0,0.0,0.0,0.0,0.0,0.0,0.0,0.0,0.0,0.0,0.0,0.0,0.0,0.0,0.0
0.0897392,0.0,0.0,0.0,0.0,0.0,0.0,0.0,0.0,0.0,0.0,0.0,0.0,0.0,0.0,0.0,0.0
0.091052,0.0,0.0,0.0,0.0,0.0,0.0,0.0,0.0,0.0,0.0,0.0,0.0,0.0,0.0,0.0,0.0
0.092384,0.0,0.0,0.0,0.0,0.0,0.0,0.0,0.0,0.0,0.0,0.0,0.0,0.0,0.0,0.0,0.0
0.0937355,0.0,0.0,0.0,0.0,0.0,0.0,0.0,0.0,0.0,0.0,0.0,0.0,0.0,0.0,0.0,0.0
0.0951068,0.0,0.0,0.0,0.0,0.0,0.0,0.0,0.0,0.0,0.0,0.0,0.0,0.0,0.0,0.0,0.0
0.0964981,0.0,0.0,0.0,0.0,0.0,0.0,0.0,0.0,0.0,0.0,0.0,0.0,0.0,0.0,0.0,0.0
0.0979098,0.0,0.0,0.0,0.0,0.0,0.0,0.0,0.0,0.0,0.0,0.0,0.0,0.0,0.0,0.0,0.0
0.0993421,0.0,0.0,0.0,0.0,0.0,0.0,0.0,0.0,0.0,0.0,0.0,0.0,0.0,0.0,0.0,0.0
0.100795,0.0,0.0,0.0,0.0,0.0,0.0,0.0,0.0,0.0,0.0,0.0,0.0,0.0,0.0,0.0,0.0
0.10227,0.0,0.0,0.0,0.0,0.0,0.0,0.0,0.0,0.0,0.0,0.0,0.0,0.0,0.0,0.0,0.0
0.103766,0.0,0.0,0.0,0.0,0.0,0.0,0.0,0.0,0.0,0.0,0.0,0.0,0.0,0.0,0.0,0.0
0.105284,0.0,0.0,0.0,0.0,0.0,0.0,0.0,0.0,0.0,0.0,0.0,0.0,0.0,0.0,0.0,0.0
0.106824,0.0,0.0,0.0,0.0,0.0,0.0,0.0,0.0,0.0,0.0,0.0,0.0,0.0,0.0,0.0,0.0
0.108387,0.0,0.0,0.0,0.0,0.0,0.0,0.0,0.0,0.0,0.0,0.0,0.0,0.0,0.0,0.0,0.0
0.109973,0.0,0.0,0.0,0.0,0.0,0.0,0.0,0.0,0.0,0.0,0.0,0.0,0.0,0.0,0.0,0.0
0.111581,0.0,0.0,0.0,0.0,0.0,0.0,0.0,0.0,0.0,0.0,0.0,0.0,0.0,0.0,0.0,0.0
0.113214,0.0,0.0,0.0,0.0,0.0,0.0,0.0,0.0,0.0,0.0,0.0,0.0,0.0,0.0,0.0,0.0
0.11487,0.0,0.0,0.0,0.0,0.0,0.0,0.0,0.0,0.0,0.0,0.0,0.0,0.0,0.0,0.0,0.0
0.11655,0.0,0.0,0.0,0.0,0.0,0.0,0.0,0.0,0.0,0.0,0.0,0.0,0.0,0.0,0.0,0.0
0.118256,0.0,0.0,0.0,0.0,0.0,0.0,0.0,0.0,0.0,0.0,0.0,0.0,0.0,0.0,0.0,0.0
0.119985,0.0,0.0,0.0,0.0,0.0,0.0,0.0,0.0,0.0,0.0,0.0,0.0,0.0,0.0,0.0,0.0
0.121741,0.0,0.0,0.0,0.0,0.0,0.0,0.0,0.0,0.0,0.0,0.0,0.0,0.0,0.0,0.0,0.0
0.123522,0.0,0.0,0.0,0.0,0.0,0.0,0.0,0.0,0.0,0.0,0.0,0.0,0.0,0.0,0.0,0.0
0.125329,0.0,0.0,0.0,0.0,0.0,0.0,0.0,0.0,0.0,0.0,0.0,0.0,0.0,0.0,0.0,0.0
0.127162,0.0,0.0,0.0,0.0,0.0,0.0,0.0,0.0,0.0,0.0,0.0,0.0,0.0,0.0,0.0,0.0
0.129022,0.0,0.0,0.0,0.0,0.0,0.0,0.0,0.0,0.0,0.0,0.0,0.0,0.0,0.0,0.0,0.0
0.13091,0.0,0.0,0.0,0.0,0.0,0.0,0.0,0.0,0.0,0.0,0.0,0.0,0.0,0.0,0.0,0.0
0.132825,0.0,0.0,0.0,0.0,0.0,0.0,0.0,0.0,0.0,0.0,0.0,0.0,0.0,0.0,0.0,0.0
0.134768,0.0,0.0,0.0,0.0,0.0,0.0,0.0,0.0,0.0,0.0,0.0,0.0,0.0,0.0,0.0,0.0
0.13674,0.0,0.0,0.0,0.0,0.0,0.0,0.0,0.0,0.0,0.0,0.0,0.0,0.0,0.0,0.0,0.0
0.13874,0.0,0.0,0.0,0.0,0.0,0.0,0.0,0.0,0.0,0.0,0.0,0.0,0.0,0.0,0.0,0.0
0.14077,0.0,0.0,0.0,0.0,0.0,0.0,0.0,0.0,0.0,0.0,0.0,0.0,0.0,0.0,0.0,0.0
0.142829,0.0,0.0,0.0,0.0,0.0,0.0,0.0,0.0,0.0,0.0,0.0,0.0,0.0,0.0,0.0,0.0
0.144919,0.0,0.0,0.0,0.0,0.0,0.0,0.0,0.0,0.0,0.0,0.0,0.0,0.0,0.0,0.0,0.0
0.147039,0.0,0.0,0.0,0.0,0.0,0.0,0.0,0.0,0.0,0.0,0.0,0.0,0.0,0.0,0.0,0.0
0.14919,0.0,0.0,0.0,0.0,0.0,0.0,0.0,0.0,0.0,0.0,0.0,0.0,0.0,0.0,0.0,0.0
0.151372,0.0,0.0,0.0,0.0,0.0,0.0,0.0,0.0,0.0,0.0,0.0,0.0,0.0,0.0,0.0,0.0
0.153587,0.0,0.0,0.0,0.0,0.0,0.0,0.0,0.0,0.0,0.0,0.0,0.0,0.0,0.0,0.0,0.0
0.155833,0.0,0.0,0.0,0.0,0.0,0.0,0.0,0.0,0.0,0.0,0.0,0.0,0.0,0.0,0.0,0.0
0.158113,0.0,0.0,0.0,0.0,0.0,0.0,0.0,0.0,0.0,0.0,0.0,0.0,0.0,0.0,0.0,0.0
0.160426,0.0,0.0,0.0,0.0,0.0,0.0,0.0,0.0,0.0,0.0,0.0,0.0,0.0,0.0,0.0,0.0
0.162773,0.0,0.0,0.0,0.0,0.0,0.0,0.0,0.0,0.0,0.0,0.0,0.0,0.0,0.0,0.0,0.0
0.165154,0.0,0.0,0.0,0.0,0.0,0.0,0.0,0.0,0.0,0.0,0.0,0.0,0.0,0.0,0.0,0.0
0.16757,0.0,0.0,0.0,0.0,0.0,0.0,0.0,0.0,0.0,0.0,0.0,0.0,0.0,0.0,0.0,0.0
0.170022,0.0,0.0,0.0,0.0,0.0,0.0,0.0,0.0,0.0,0.0,0.0,0.0,0.0,0.0,0.0,0.0
0.172509,0.0,0.0,0.0,0.0,0.0,0.0,0.0,0.0,0.0,0.0,0.0,0.0,0.0,0.0,0.0,0.0
0.175033,0.0,0.0,0.0,0.0,0.0,0.0,0.0,0.0,0.0,0.0,0.0,0.0,0.0,0.0,0.0,0.0
0.177593,0.0,0.0,0.0,0.0,0.0,0.0,0.0,0.0,0.0,0.0,0.0,0.0,0.0,0.0,0.0,0.0
0.180191,0.0,0.0,0.0,0.0,0.0,0.0,0.0,0.0,0.0,0.0,0.0,0.0,0.0,0.0,0.0,0.0
0.182828,0.0,0.0,0.0,0.0,0.0,0.0,0.0,0.0,0.0,0.0,0.0,0.0,0.0,0.0,0.0,0.0
0.185502,0.0,0.0,0.0,0.0,0.0,0.0,0.0,0.0,0.0,0.0,0.0,0.0,0.0,0.0,0.0,0.0
0.188216,0.0,0.0,0.0,0.0,0.0,0.0,0.0,0.0,0.0,0.0,0.0,0.0,0.0,0.0,0.0,0.0
0.190969,0.0,0.0,0.0,0.0,0.0,0.0,0.0,0.0,0.0,0.0,0.0,0.0,0.0,0.0,0.0,0.0
0.193763,0.0,0.0,0.0,0.0,0.0,0.0,0.0,0.0,0.0,0.0,0.0,0.0,0.0,0.0,0.0,0.0
0.196598,0.0,0.0,0.0,0.0,0.0,0.0,0.0,0.0,0.0,0.0,0.0,0.0,0.0,0.0,0.0,0.0
0.199474,0.0,0.0,0.0,0.0,0.0,0.0,0.0,0.0,0.0,0.0,0.0,0.0,0.0,0.0,0.0,0.0
0.202392,0.0,0.0,0.0,0.0,0.0,0.0,0.0,0.0,0.0,0.0,0.0,0.0,0.0,0.0,0.0,0.0
0.205353,0.0,0.0,0.0,0.0,0.0,0.0,0.0,0.0,0.0,0.0,0.0,0.0,0.0,0.0,0.0,0.0
0.208357,0.0,0.0,0.0,0.0,0.0,0.0,0.0,0.0,0.0,0.0,0.0,0.0,0.0,0.0,0.0,0.0
0.211405,0.0,0.0,0.0,0.0,0.0,0.0,0.0,0.0,0.0,0.0,0.0,0.0,0.0,0.0,0.0,0.0
0.214498,0.0,0.0,0.0,0.0,0.0,0.0,0.0,0.0,0.0,0.0,0.0,0.0,0.0,0.0,0.0,0.0
0.217635,0.0,0.0,0.0,0.0,0.0,0.0,0.0,0.0,0.0,0.0,0.0,0.0,0.0,0.0,0.0,0.0
0.220819,0.0,0.0,0.0,0.0,0.0,0.0,0.0,0.0,0.0,0.0,0.0,0.0,0.0,0.0,0.0,0.0
0.22405,0.0,0.0,0.0,0.0,0.0,0.0,0.0,0.0,0.0,0.0,0.0,0.0,0.0,0.0,0.0,0.0
0.227327,0.0,0.0,0.0,0.0,0.0,0.0,0.0,0.0,0.0,0.0,0.0,0.0,0.0,0.0,0.0,0.0
0.230653,0.0,0.0,0.0,0.0,0.0,0.0,0.0,0.0,0.0,0.0,0.0,0.0,0.0,0.0,0.0,0.0
0.234027,0.0,0.0,0.0,0.0,0.0,0.0,0.0,0.0,0.0,0.0,0.0,0.0,0.0,0.0,0.0,0.0
0.237451,0.0,0.0,0.0,0.0,0.0,0.0,0.0,0.0,0.0,0.0,0.0,0.0,0.0,0.0,0.0,0.0
0.240924,0.0,0.0,0.0,0.0,0.0,0.0,0.0,0.0,0.0,0.0,0.0,0.0,0.0,0.0,0.0,0.0
0.244449,0.0,0.0,0.0,0.0,0.0,0.0,0.0,0.0,0.0,0.0,0.0,0.0,0.0,0.0,0.0,0.0
0.248025,0.0,0.0,0.0,0.0,0.0,0.0,0.0,0.0,0.0,0.0,0.0,0.0,0.0,0.0,0.0,0.0
0.251653,0.0,0.0,0.0,0.0,0.0,0.0,0.0,0.0,0.0,0.0,0.0,0.0,0.0,0.0,0.0,0.0
0.255335,0.0,0.0,0.0,0.0,0.0,0.0,0.0,0.0,0.0,0.0,0.0,0.0,0.0,0.0,0.0,0.0
0.25907,0.0,0.0,0.0,0.0,0.0,0.0,0.0,0.0,0.0,0.0,0.0,0.0,0.0,0.0,0.0,0.0
0.26286,0.0,0.0,0.0,0.0,0.0,0.0,0.0,0.0,0.0,0.0,0.0,0.0,0.0,0.0,0.0,0.0
0.266706,0.0,0.0,0.0,0.0,0.0,0.0,0.0,0.0,0.0,0.0,0.0,0.0,0.0,0.0,0.0,0.0
0.270607,0.0,0.0,0.0,0.0,0.0,0.0,0.0,0.0,0.0,0.0,0.0,0.0,0.0,0.0,0.0,0.0
0.274566,0.0,0.0,0.0,0.0,0.0,0.0,0.0,0.0,0.0,0.0,0.0,0.0,0.0,0.0,0.0,0.0
0.278583,0.0,0.0,0.0,0.0,0.0,0.0,0.0,0.0,0.0,0.0,0.0,0.0,0.0,0.0,0.0,0.0
0.282658,0.0,0.0,0.0,0.0,0.0,0.0,0.0,0.0,0.0,0.0,0.0,0.0,0.0,0.0,0.0,0.0
0.286793,0.0,0.0,0.0,0.0,0.0,0.0,0.0,0.0,0.0,0.0,0.0,0.0,0.0,0.0,0.0,0.0
0.290989,0.0,0.0,0.0,0.0,0.0,0.0,0.0,0.0,0.0,0.0,0.0,0.0,0.0,0.0,0.0,0.0
0.295246,0.0,0.0,0.0,0.0,0.0,0.0,0.0,0.0,0.0,0.0,0.0,0.0,0.0,0.0,0.0,0.0
0.299565,0.0,0.0,0.0,0.0,0.0,0.0,0.0,0.0,0.0,0.0,0.0,0.0,0.0,0.0,0.0,0.0
0.303947,0.0,0.0,0.0,0.0,0.0,0.0,0.0,0.0,0.0,0.0,0.0,0.0,0.0,0.0,0.0,0.0
0.308394,0.0,0.0,0.0,0.0,0.0,0.0,0.0,0.0,0.0,0.0,0.0,0.0,0.0,0.0,0.0,0.0
0.312905,0.0,0.0,0.0,0.0,0.0,0.0,0.0,0.0,0.0,0.0,0.0,0.0,0.0,0.0,0.0,0.0
0.317483,0.0,0.0,0.0,0.0,0.0,0.0,0.0,0.0,0.0,0.0,0.0,0.0,0.0,0.0,0.0,0.0
0.322127,0.0,0.0,0.0,0.0,0.0,0.0,0.0,0.0,0.0,0.0,0.0,0.0,0.0,0.0,0.0,0.0
0.32684,0.0,0.0,0.0,0.0,0.0,0.0,0.0,0.0,0.0,0.0,0.0,0.0,0.0,0.0,0.0,0.0
0.331621,0.0,0.0,0.0,0.0,0.0,0.0,0.0,0.0,0.0,0.0,0.0,0.0,0.0,0.0,0.0,0.0
0.336473,0.0,0.0,0.0,0.0,0.0,0.0,0.0,0.0,0.0,0.0,0.0,0.0,0.0,0.0,0.0,0.0
0.341395,0.0,0.0,0.0,0.0,0.0,0.0,0.0,0.0,0.0,0.0,0.0,0.0,0.0,0.0,0.0,0.0
0.346389,0.0,0.0,0.0,0.0,0.0,0.0,0.0,0.0,0.0,0.0,0.0,0.0,0.0,0.0,0.0,0.0
0.351457,0.0,0.0,0.0,0.0,0.0,0.0,0.0,0.0,0.0,0.0,0.0,0.0,0.0,0.0,0.0,0.0
0.356598,0.0,0.0,0.0,0.0,0.0,0.0,0.0,0.0,0.0,0.0,0.0,0.0,0.0,0.0,0.0,0.0
0.361815,0.0,0.0,0.0,0.0,0.0,0.0,0.0,0.0,0.0,0.0,0.0,0.0,0.0,0.0,0.0,0.0
0.367108,0.0,0.0,0.0,0.0,0.0,0.0,0.0,0.0,0.0,0.0,0.0,0.0,0.0,0.0,0.0,0.0
0.372478,0.0,0.0,0.0,0.0,0.0,0.0,0.0,0.0,0.0,0.0,0.0,0.0,0.0,0.0,0.0,0.0
0.377927,0.0,0.0,0.0,0.0,0.0,0.0,0.0,0.0,0.0,0.0,0.0,0.0,0.0,0.0,0.0,0.0
0.383456,0.0,0.0,0.0,0.0,0.0,0.0,0.0,0.0,0.0,0.0,0.0,0.0,0.0,0.0,0.0,0.0
0.389066,0.0,0.0,0.0,0.0,0.0,0.0,0.0,0.0,0.0,0.0,0.0,0.0,0.0,0.0,0.0,0.0
0.394758,0.0,0.0,0.0,0.0,0.0,0.0,0.0,0.0,0.0,0.0,0.0,0.0,0.0,0.0,0.0,0.0
0.400532,0.0,0.0,0.0,0.0,0.0,0.0,0.0,0.0,0.0,0.0,0.0,0.0,0.0,0.0,0.0,0.0
0.406392,0.0,0.0,0.0,0.0,0.0,0.0,0.0,0.0,0.0,0.0,0.0,0.0,0.0,0.0,0.0,0.0
0.412337,0.0,0.0,0.0,0.0,0.0,0.0,0.0,0.0,0.0,0.0,0.0,0.0,0.0,0.0,0.0,0.0
0.418369,0.0,0.0,0.0,0.0,0.0,0.0,0.0,0.0,0.0,0.0,0.0,0.0,0.0,0.0,0.0,0.0
0.42449,0.0,0.0,0.0,0.0,0.0,0.0,0.0,0.0,0.0,0.0,0.0,0.0,0.0,0.0,0.0,0.0
0.4307,0.0,0.0,0.0,0.0,0.0,0.0,0.0,0.0,0.0,0.0,0.0,0.0,0.0,0.0,0.0,0.0
0.437,0.0,0.0,0.0,0.0,0.0,0.0,0.0,0.0,0.0,0.0,0.0,0.0,0.0,0.0,0.0,0.0
0.443393,0.0,0.0,0.0,0.0,0.0,0.0,0.0,0.0,0.0,0.0,0.0,0.0,0.0,0.0,0.0,0.0
0.44988,0.0,0.0,0.0,0.0,0.0,0.0,0.0,0.0,0.0,0.0,0.0,0.0,0.0,0.0,0.0,0.0
0.456461,0.0,0.0,0.0,0.0,0.0,0.0,0.0,0.0,0.0,0.0,0.0,0.0,0.0,0.0,0.0,0.0
0.463139,0.0,0.0,0.0,0.0,0.0,0.0,0.0,0.0,0.0,0.0,0.0,0.0,0.0,0.0,0.0,0.0
0.469914,0.0,0.0,0.0,0.0,0.0,0.0,0.0,0.0,0.0,0.0,0.0,0.0,0.0,0.0,0.0,0.0
0.476789,0.0,0.0,0.0,0.0,0.0,0.0,0.0,0.0,0.0,0.0,0.0,0.0,0.0,0.0,0.0,0.0
0.483764,0.0,0.0,0.0,0.0,0.0,0.0,0.0,0.0,0.0,0.0,0.0,0.0,0.0,0.0,0.0,0.0
0.490841,0.0,0.0,0.0,0.0,0.0,0.0,0.0,0.0,0.0,0.0,0.0,0.0,0.0,0.0,0.0,0.0
0.498021,0.0,0.0,0.0,0.0,0.0,0.0,0.0,0.0,0.0,0.0,0.0,0.0,0.0,0.0,0.0,0.0
0.505307,0.0,0.0,0.0,0.0,0.0,0.0,0.0,0.0,0.0,0.0,0.0,0.0,0.0,0.0,0.0,0.0
0.512699,0.0,0.0,0.0,0.0,0.0,0.0,0.0,0.0,0.0,0.0,0.0,0.0,0.0,0.0,0.0,0.0
0.520199,0.0,0.0,0.0,0.0,0.0,0.0,0.0,0.0,0.0,0.0,0.0,0.0,0.0,0.0,0.0,0.0
0.527809,0.0,0.0,0.0,0.0,0.0,0.0,0.0,0.0,0.0,0.0,0.0,0.0,0.0,0.0,0.0,0.0
0.535531,0.0,0.0,0.0,0.0,0.0,0.0,0.0,0.0,0.0,0.0,0.0,0.0,0.0,0.0,0.0,0.0
0.543365,0.0,0.0,0.0,0.0,0.0,0.0,0.0,0.0,0.0,0.0,0.0,0.0,0.0,0.0,0.0,0.0
0.551314,0.0,0.0,0.0,0.0,0.0,0.0,0.0,0.0,0.0,0.0,0.0,0.0,0.0,0.0,0.0,0.0
0.559379,0.0,0.0,0.0,0.0,0.0,0.0,0.0,0.0,0.0,0.0,0.0,0.0,0.0,0.0,0.0,0.0
0.567563,0.0,0.0,0.0,0.0,0.0,0.0,0.0,0.0,0.0,0.0,0.0,0.0,0.0,0.0,0.0,0.0
0.575866,0.0,0.0,0.0,0.0,0.0,0.0,0.0,0.0,0.0,0.0,0.0,0.0,0.0,0.0,0.0,0.0
0.58429,0.0,0.0,0.0,0.0,0.0,0.0,0.0,0.0,0.0,0.0,0.0,0.0,0.0,0.0,0.0,0.0
0.592838,0.0,0.0,0.0,0.0,0.0,0.0,0.0,0.0,0.0,0.0,0.0,0.0,0.0,0.0,0.0,0.0
0.60151,0.0,0.0,0.0,0.0,0.0,0.0,0.0,0.0,0.0,0.0,0.0,0.0,0.0,0.0,0.0,0.0
0.61031,0.0,0.0,0.0,0.0,0.0,0.0,0.0,0.0,0.0,0.0,0.0,0.0,0.0,0.0,0.0,0.0
0.619238,0.0,0.0,0.0,0.0,0.0,0.0,0.0,0.0,0.0,0.0,0.0,0.0,0.0,0.0,0.0,0.0
0.628297,0.0,0.0,0.0,0.0,0.0,0.0,0.0,0.0,0.0,0.0,0.0,0.0,0.0,0.0,0.0,0.0
0.637489,0.0,0.0,0.0,0.0,0.0,0.0,0.0,0.0,0.0,0.0,0.0,0.0,0.0,0.0,0.0,0.0
0.646815,0.0,0.0,0.0,0.0,0.0,0.0,0.0,0.0,0.0,0.0,0.0,0.0,0.0,0.0,0.0,0.0
0.656277,0.0,0.0,0.0,0.0,0.0,0.0,0.0,0.0,0.0,0.0,0.0,0.0,0.0,0.0,0.0,0.0
0.665878,0.0,0.0,0.0,0.0,0.0,0.0,0.0,0.0,0.0,0.0,0.0,0.0,0.0,0.0,0.0,0.0
0.675619,0.0,0.0,0.0,0.0,0.0,0.0,0.0,0.0,0.0,0.0,0.0,0.0,0.0,0.0,0.0,0.0
0.685503,0.0,0.0,0.0,0.0,0.0,0.0,0.0,0.0,0.0,0.0,0.0,0.0,0.0,0.0,0.0,0.0
0.695531,0.0,0.0,0.0,0.0,0.0,0.0,0.0,0.0,0.0,0.0,0.0,0.0,0.0,0.0,0.0,0.0
0.705706,0.0,0.0,0.0,0.0,0.0,0.0,0.0,0.0,0.0,0.0,0.0,0.0,0.0,0.0,0.0,0.0
0.71603,0.0,0.0,0.0,0.0,0.0,0.0,0.0,0.0,0.0,0.0,0.0,0.0,0.0,0.0,0.0,0.0
0.726505,0.0,0.0,0.0,0.0,0.0,0.0,0.0,0.0,0.0,0.0,0.0,0.0,0.0,0.0,0.0,0.0
0.737133,0.0,0.0,0.0,0.0,0.0,0.0,0.0,0.0,0.0,0.0,0.0,0.0,0.0,0.0,0.0,0.0
0.747917,0.0,0.0,0.0,0.0,0.0,0.0,0.0,0.0,0.0,0.0,0.0,0.0,0.0,0.0,0.0,0.0
0.758858,0.0,0.0,0.0,0.0,0.0,0.0,0.0,0.0,0.0,0.0,0.0,0.0,0.0,0.0,0.0,0.0
0.76996,0.0,0.0,0.0,0.0,0.0,0.0,0.0,0.0,0.0,0.0,0.0,0.0,0.0,0.0,0.0,0.0
0.781223,0.0,0.0,0.0,0.0,0.0,0.0,0.0,0.0,0.0,0.0,0.0,0.0,0.0,0.0,0.0,0.0
0.792652,0.0,0.0,0.0,0.0,0.0,0.0,0.0,0.0,0.0,0.0,0.0,0.0,0.0,0.0,0.0,0.0
0.804248,0.0,0.0,0.0,0.0,0.0,0.0,0.0,0.0,0.0,0.0,0.0,0.0,0.0,0.0,0.0,0.0
0.816013,0.0,0.0,0.0,0.0,0.0,0.0,0.0,0.0,0.0,0.0,0.0,0.0,0.0,0.0,0.0,0.0
0.827951,0.0,0.0,0.0,0.0,0.0,0.0,0.0,0.0,0.0,0.0,0.0,0.0,0.0,0.0,0.0,0.0
0.840063,0.0,0.0,0.0,0.0,0.0,0.0,0.0,0.0,0.0,0.0,0.0,0.0,0.0,0.0,0.0,0.0
0.852353,0.0,0.0,0.0,0.0,0.0,0.0,0.0,0.0,0.0,0.0,0.0,0.0,0.0,0.0,0.0,0.0
0.864822,0.0,0.0,0.0,0.0,0.0,0.0,0.0,0.0,0.0,0.0,0.0,0.0,0.0,0.0,0.0,0.0
0.877473,0.0,0.0,0.0,0.0,0.0,0.0,0.0,0.0,0.0,0.0,0.0,0.0,0.0,0.0,0.0,0.0
0.89031,0.0,0.0,0.0,0.0,0.0,0.0,0.0,0.0,0.0,0.0,0.0,0.0,0.0,0.0,0.0,0.0
0.903335,0.0,0.0,0.0,0.0,0.0,0.0,0.0,0.0,0.0,0.0,0.0,0.0,0.0,0.0,0.0,0.0
0.91655,0.0,0.0,0.0,0.0,0.0,0.0,0.0,0.0,0.0,0.0,0.0,0.0,0.0,0.0,0.0,0.0
0.929958,0.0,0.0,0.0,0.0,0.0,0.0,0.0,0.0,0.0,0.0,0.0,0.0,0.0,0.0,0.0,0.0
0.943562,0.0,0.0,0.0,0.0,0.0,0.0,0.0,0.0,0.0,0.0,0.0,0.0,0.0,0.0,0.0,0.0
0.957366,0.0,0.0,0.0,0.0,0.0,0.0,0.0,0.0,0.0,0.0,0.0,0.0,0.0,0.0,0.0,0.0
0.971371,0.0,0.0,0.0,0.0,0.0,0.0,0.0,0.0,0.0,0.0,0.0,0.0,0.0,0.0,0.0,0.0
0.985582,0.0,0.0,0.0,0.0,0.0,0.0,0.0,0.0,0.0,0.0,0.0,0.0,0.0,0.0,0.0,0.0
1.0,0.0,0.0,0.0,0.0,0.0,0.0,0.0,0.0,0.0,0.0,0.0,0.0,0.0,0.0,0.0,0.0
